date,zcta,at_least_one_dose,fully_vaccinated
2021-10-05,90001,52838,37992
2021-10-05,90002,30139,25530
2021-10-05,90003,42272,35182
2021-10-05,90004,43531,38862
2021-10-05,90005,26867,23477
2021-10-05,90006,39722,33938
2021-10-05,90007,31172,27430
2021-10-05,90008,19324,17047
2021-10-05,90010,4143,3643
2021-10-05,90011,66544,52623
2021-10-05,90012,30859,27228
2021-10-05,90013,11244,8933
2021-10-05,90014,7006,6024
2021-10-05,90015,18196,15622
2021-10-05,90016,32060,28419
2021-10-05,90017,19700,16128
2021-10-05,90018,34453,29432
2021-10-05,90019,44289,39229
2021-10-05,90020,28910,25667
2021-10-05,90021,3185,2616
2021-10-05,90022,44652,39243
2021-10-05,90023,30996,27001
2021-10-05,90024,28092,25282
2021-10-05,90025,34016,31218
2021-10-05,90026,46377,41594
2021-10-05,90027,33872,31102
2021-10-05,90028,23331,20392
2021-10-05,90029,24911,22269
2021-10-05,90031,27097,24134
2021-10-05,90032,30533,27449
2021-10-05,90033,33132,29201
2021-10-05,90034,42725,39265
2021-10-05,90035,20615,18579
2021-10-05,90036,28463,25586
2021-10-05,90037,40417,33142
2021-10-05,90038,19225,17122
2021-10-05,90039,21934,20144
2021-10-05,90040,10505,8891
2021-10-05,90041,19929,18450
2021-10-05,90042,41694,38146
2021-10-05,90043,28647,25254
2021-10-05,90044,52880,44860
2021-10-05,90045,40844,37090
2021-10-05,90046,36283,33128
2021-10-05,90047,30489,26655
2021-10-05,90048,17710,15814
2021-10-05,90049,28014,25584
2021-10-05,90056,6093,5553
2021-10-05,90057,27822,23562
2021-10-05,90058,6603,5442
2021-10-05,90059,24256,20306
2021-10-05,90061,16537,14018
2021-10-05,90062,21035,18094
2021-10-05,90063,34773,30773
2021-10-05,90064,22268,20547
2021-10-05,90065,32731,29827
2021-10-05,90066,41588,38348
2021-10-05,90067,3110,2746
2021-10-05,90068,17104,15590
2021-10-05,90069,17451,15741
2021-10-05,90071,1091,749
2021-10-05,90077,6998,6372
2021-10-05,90094,7288,6734
2021-10-05,90201,62251,54845
2021-10-05,90210,17275,15190
2021-10-05,90211,6827,6168
2021-10-05,90212,9486,8546
2021-10-05,90220,29387,25312
2021-10-05,90221,31987,27301
2021-10-05,90222,18462,15591
2021-10-05,90230,24373,22488
2021-10-05,90232,13426,12443
2021-10-05,90240,18612,16963
2021-10-05,90241,30035,27057
2021-10-05,90242,28748,26004
2021-10-05,90245,14443,12817
2021-10-05,90247,32765,29223
2021-10-05,90248,7767,6990
2021-10-05,90249,18932,17006
2021-10-05,90250,60440,53810
2021-10-05,90254,15073,13973
2021-10-05,90255,47338,41320
2021-10-05,90260,23391,21105
2021-10-05,90262,43227,37342
2021-10-05,90263,455,366
2021-10-05,90265,10348,9366
2021-10-05,90266,28211,26052
2021-10-05,90270,16658,14648
2021-10-05,90272,17999,16579
2021-10-05,90274,20577,19099
2021-10-05,90275,32550,30059
2021-10-05,90277,26864,24892
2021-10-05,90278,30074,28069
2021-10-05,90280,62707,55511
2021-10-05,90290,4415,4123
2021-10-05,90291,20658,18801
2021-10-05,90292,19889,18135
2021-10-05,90293,9157,8437
2021-10-05,90301,23705,20827
2021-10-05,90302,17650,15774
2021-10-05,90303,15832,13926
2021-10-05,90304,17807,15671
2021-10-05,90305,9450,8515
2021-10-05,90401,7247,6297
2021-10-05,90402,9302,8452
2021-10-05,90403,19755,18180
2021-10-05,90404,16578,15048
2021-10-05,90405,22292,20324
2021-10-05,90501,30257,27518
2021-10-05,90502,13334,12086
2021-10-05,90503,34648,31936
2021-10-05,90504,24010,22210
2021-10-05,90505,28232,26077
2021-10-05,90601,21805,19869
2021-10-05,90602,16038,14419
2021-10-05,90603,13950,12898
2021-10-05,90604,26007,23833
2021-10-05,90605,27252,24701
2021-10-05,90606,21772,19647
2021-10-05,90620,32392,29877
2021-10-05,90621,24435,22237
2021-10-05,90623,11834,11020
2021-10-05,90630,35552,33063
2021-10-05,90631,45254,41134
2021-10-05,90638,32707,30010
2021-10-05,90640,43394,38732
2021-10-05,90650,69994,63255
2021-10-05,90660,44203,39850
2021-10-05,90670,11641,10674
2021-10-05,90680,20435,18566
2021-10-05,90701,12630,11404
2021-10-05,90703,40670,37676
2021-10-05,90704,2681,2313
2021-10-05,90706,48170,43081
2021-10-05,90710,17728,15935
2021-10-05,90712,21964,20067
2021-10-05,90713,19119,17556
2021-10-05,90715,13687,12526
2021-10-05,90716,8824,7865
2021-10-05,90717,14261,12973
2021-10-05,90720,15536,14423
2021-10-05,90723,34066,30093
2021-10-05,90731,42771,36784
2021-10-05,90732,14271,12986
2021-10-05,90740,18933,17349
2021-10-05,90742,627,573
2021-10-05,90743,267,227
2021-10-05,90744,32904,28739
2021-10-05,90745,42969,39018
2021-10-05,90746,18047,16360
2021-10-05,90755,7773,7031
2021-10-05,90802,27180,24120
2021-10-05,90803,23572,21445
2021-10-05,90804,24235,21481
2021-10-05,90805,56845,50117
2021-10-05,90806,27143,24004
2021-10-05,90807,23306,21216
2021-10-05,90808,28160,25726
2021-10-05,90810,24588,21991
2021-10-05,90813,32025,27759
2021-10-05,90814,13347,12193
2021-10-05,90815,30666,26747
2021-10-05,91001,26477,24588
2021-10-05,91006,25533,23582
2021-10-05,91007,25942,23971
2021-10-05,91008,886,823
2021-10-05,91010,19026,17261
2021-10-05,91011,16265,15196
2021-10-05,91016,28619,26330
2021-10-05,91020,5659,5178
2021-10-05,91024,8345,7839
2021-10-05,91030,20582,19267
2021-10-05,91040,13018,11657
2021-10-05,91042,16421,14724
2021-10-05,91101,15894,14674
2021-10-05,91103,19842,18042
2021-10-05,91104,25340,23477
2021-10-05,91105,11249,10403
2021-10-05,91106,18486,17160
2021-10-05,91107,25911,24079
2021-10-05,91108,10731,9988
2021-10-05,91201,13590,12248
2021-10-05,91202,14688,13404
2021-10-05,91203,10087,9092
2021-10-05,91204,10500,9304
2021-10-05,91205,21238,19219
2021-10-05,91206,21222,19355
2021-10-05,91207,7155,6586
2021-10-05,91208,11417,10600
2021-10-05,91214,23147,21479
2021-10-05,91301,18496,17178
2021-10-05,91302,19604,18178
2021-10-05,91303,19014,17025
2021-10-05,91304,35059,31932
2021-10-05,91306,33229,30227
2021-10-05,91307,18926,17523
2021-10-05,91311,27930,25730
2021-10-05,91316,20124,18474
2021-10-05,91320,31833,29481
2021-10-05,91321,21624,19689
2021-10-05,91324,20888,18914
2021-10-05,91325,24189,22058
2021-10-05,91326,28147,26240
2021-10-05,91331,67151,59289
2021-10-05,91335,54121,48693
2021-10-05,91340,23103,20491
2021-10-05,91342,63438,56726
2021-10-05,91343,40949,36765
2021-10-05,91344,37086,33897
2021-10-05,91345,14031,12562
2021-10-05,91350,27487,25468
2021-10-05,91351,22177,20324
2021-10-05,91352,30115,26866
2021-10-05,91354,23243,21743
2021-10-05,91355,22507,20946
2021-10-05,91356,21808,19743
2021-10-05,91360,30162,27771
2021-10-05,91361,15263,14194
2021-10-05,91362,26698,24799
2021-10-05,91364,19942,18448
2021-10-05,91367,31274,28904
2021-10-05,91377,10642,9984
2021-10-05,91381,14581,13607
2021-10-05,91384,14697,13518
2021-10-05,91387,28437,26063
2021-10-05,91390,12165,11311
2021-10-05,91401,24803,22188
2021-10-05,91402,45601,40146
2021-10-05,91403,18300,16877
2021-10-05,91405,32977,28692
2021-10-05,91406,35205,31610
2021-10-05,91411,15678,13665
2021-10-05,91423,23148,21348
2021-10-05,91436,12189,11238
2021-10-05,91501,13377,12213
2021-10-05,91502,7889,7119
2021-10-05,91504,17525,16129
2021-10-05,91505,24052,22259
2021-10-05,91506,14364,13231
2021-10-05,91601,26689,24254
2021-10-05,91602,13956,12895
2021-10-05,91604,22926,21151
2021-10-05,91605,33418,29575
2021-10-05,91606,27421,24496
2021-10-05,91607,20368,18499
2021-10-05,91701,24830,22807
2021-10-05,91702,38848,35124
2021-10-05,91706,53121,48113
2021-10-05,91709,55595,51608
2021-10-05,91710,49452,44949
2021-10-05,91711,24766,23059
2021-10-05,91722,24906,22743
2021-10-05,91723,12438,11264
2021-10-05,91724,17871,16441
2021-10-05,91730,40721,37074
2021-10-05,91731,20102,18102
2021-10-05,91732,41825,37463
2021-10-05,91733,29660,26461
2021-10-05,91737,15586,14310
2021-10-05,91739,24901,22924
2021-10-05,91740,17565,16056
2021-10-05,91741,18330,16889
2021-10-05,91744,56617,51367
2021-10-05,91745,40683,37470
2021-10-05,91746,20925,18940
2021-10-05,91748,34734,32032
2021-10-05,91750,22610,20884
2021-10-05,91752,21368,19256
2021-10-05,91754,29479,27044
2021-10-05,91755,22323,20543
2021-10-05,91759,261,234
2021-10-05,91761,37011,33415
2021-10-05,91762,36958,33171
2021-10-05,91763,23726,21412
2021-10-05,91764,31542,27924
2021-10-05,91765,36019,33555
2021-10-05,91766,44078,39445
2021-10-05,91767,31891,28726
2021-10-05,91768,19625,17580
2021-10-05,91770,48086,44086
2021-10-05,91773,22794,21020
2021-10-05,91775,18544,17247
2021-10-05,91776,30997,28417
2021-10-05,91780,27751,25640
2021-10-05,91784,18843,17431
2021-10-05,91786,32491,29345
2021-10-05,91789,33512,31302
2021-10-05,91790,32521,29680
2021-10-05,91791,24032,22194
2021-10-05,91792,21451,19781
2021-10-05,91801,40805,37607
2021-10-05,91803,23027,21213
2021-10-05,91901,9331,8428
2021-10-05,91902,14388,12648
2021-10-05,91905,779,685
2021-10-05,91906,1957,1746
2021-10-05,91910,64403,56221
2021-10-05,91911,71934,63053
2021-10-05,91913,40822,36338
2021-10-05,91914,15214,13381
2021-10-05,91915,25701,22586
2021-10-05,91916,997,901
2021-10-05,91917,995,853
2021-10-05,91931,242,210
2021-10-05,91932,16881,14834
2021-10-05,91934,396,354
2021-10-05,91935,5644,5101
2021-10-05,91941,22662,20412
2021-10-05,91942,27363,24643
2021-10-05,91945,18132,16209
2021-10-05,91950,43908,38620
2021-10-05,91962,1004,901
2021-10-05,91963,1092,923
2021-10-05,91977,38480,34271
2021-10-05,91978,6484,5789
2021-10-05,92003,3150,2810
2021-10-05,92004,2974,2500
2021-10-05,92007,8212,7399
2021-10-05,92008,19659,17308
2021-10-05,92009,32720,29411
2021-10-05,92010,12285,11042
2021-10-05,92011,16943,15118
2021-10-05,92014,11846,10333
2021-10-05,92019,27470,24808
2021-10-05,92020,37770,33403
2021-10-05,92021,39714,35277
2021-10-05,92024,38036,33947
2021-10-05,92025,31974,27619
2021-10-05,92026,32517,28745
2021-10-05,92027,35022,30781
2021-10-05,92028,30097,25943
2021-10-05,92029,14367,12845
2021-10-05,92036,2058,1773
2021-10-05,92037,37026,31976
2021-10-05,92040,23650,21273
2021-10-05,92054,24034,21175
2021-10-05,92055,167,105
2021-10-05,92056,34801,31096
2021-10-05,92057,34693,30935
2021-10-05,92058,15084,12885
2021-10-05,92059,867,778
2021-10-05,92060,168,141
2021-10-05,92061,1915,1687
2021-10-05,92064,33812,30581
2021-10-05,92065,19793,17614
2021-10-05,92066,183,155
2021-10-05,92067,9130,7629
2021-10-05,92069,31922,28593
2021-10-05,92070,664,589
2021-10-05,92071,34320,31090
2021-10-05,92075,10575,9272
2021-10-05,92078,33123,29779
2021-10-05,92081,18613,16711
2021-10-05,92082,11836,10554
2021-10-05,92083,23910,21024
2021-10-05,92084,29961,26638
2021-10-05,92086,786,685
2021-10-05,92091,1309,1129
2021-10-05,92101,36501,31088
2021-10-05,92102,31295,27889
2021-10-05,92103,46917,43682
2021-10-05,92104,33788,30737
2021-10-05,92105,46393,41069
2021-10-05,92106,14110,12575
2021-10-05,92107,20053,18139
2021-10-05,92108,18233,16127
2021-10-05,92109,33532,29943
2021-10-05,92110,20400,17991
2021-10-05,92111,33776,30413
2021-10-05,92113,35132,30907
2021-10-05,92114,46269,41473
2021-10-05,92115,40739,36411
2021-10-05,92116,24541,22359
2021-10-05,92117,38252,34928
2021-10-05,92118,17149,13814
2021-10-05,92119,17484,16009
2021-10-05,92120,22558,20525
2021-10-05,92121,4796,4268
2021-10-05,92122,38072,34196
2021-10-05,92123,23667,20781
2021-10-05,92124,17298,15671
2021-10-05,92126,57765,52782
2021-10-05,92127,37419,33689
2021-10-05,92128,37929,34289
2021-10-05,92129,40553,37208
2021-10-05,92130,49774,44594
2021-10-05,92131,28690,26251
2021-10-05,92139,25306,22636
2021-10-05,92154,75584,66199
2021-10-05,92173,47026,41327
2021-10-05,92201,42155,36489
2021-10-05,92203,20104,18191
2021-10-05,92210,4583,4084
2021-10-05,92211,22222,20257
2021-10-05,92220,17883,15984
2021-10-05,92223,32599,29423
2021-10-05,92225,6173,5424
2021-10-05,92227,17410,14468
2021-10-05,92230,1032,925
2021-10-05,92231,53557,43451
2021-10-05,92233,2204,1802
2021-10-05,92234,36859,32890
2021-10-05,92236,27638,23868
2021-10-05,92239,173,147
2021-10-05,92240,22478,19583
2021-10-05,92241,5177,4557
2021-10-05,92242,138,112
2021-10-05,92243,38762,32811
2021-10-05,92249,5757,4884
2021-10-05,92250,5803,4928
2021-10-05,92251,14921,13031
2021-10-05,92252,4147,3729
2021-10-05,92253,27792,24960
2021-10-05,92254,8714,7167
2021-10-05,92256,1718,1550
2021-10-05,92257,979,818
2021-10-05,92258,489,419
2021-10-05,92259,137,122
2021-10-05,92260,24068,21552
2021-10-05,92262,22589,20025
2021-10-05,92264,16942,15352
2021-10-05,92268,370,340
2021-10-05,92270,16214,14709
2021-10-05,92273,1143,983
2021-10-05,92274,11750,9707
2021-10-05,92275,393,338
2021-10-05,92276,5472,4915
2021-10-05,92277,6607,5687
2021-10-05,92278,46,26
2021-10-05,92281,1266,1033
2021-10-05,92282,640,567
2021-10-05,92283,393,327
2021-10-05,92284,11630,10412
2021-10-05,92285,1068,952
2021-10-05,92301,14415,12489
2021-10-05,92307,17693,15671
2021-10-05,92308,18773,16687
2021-10-05,92309,286,248
2021-10-05,92310,359,277
2021-10-05,92311,11667,9657
2021-10-05,92313,7423,6757
2021-10-05,92314,3969,3562
2021-10-05,92315,3577,3155
2021-10-05,92316,17801,15652
2021-10-05,92320,5507,5012
2021-10-05,92321,645,572
2021-10-05,92324,31416,27694
2021-10-05,92325,4918,4443
2021-10-05,92327,152,131
2021-10-05,92333,293,268
2021-10-05,92335,53084,46652
2021-10-05,92336,61495,55892
2021-10-05,92337,22254,19881
2021-10-05,92339,570,514
2021-10-05,92342,2751,2418
2021-10-05,92344,10166,9115
2021-10-05,92345,37443,32814
2021-10-05,92346,31949,28578
2021-10-05,92347,219,186
2021-10-05,92352,3172,2891
2021-10-05,92354,15337,14121
2021-10-05,92356,2139,1832
2021-10-05,92358,447,400
2021-10-05,92359,4442,3955
2021-10-05,92363,1232,986
2021-10-05,92365,722,625
2021-10-05,92368,348,304
2021-10-05,92371,5471,4841
2021-10-05,92372,2178,1955
2021-10-05,92373,23108,20926
2021-10-05,92374,24816,22532
2021-10-05,92376,46606,40944
2021-10-05,92377,12379,11020
2021-10-05,92378,310,279
2021-10-05,92382,2686,2426
2021-10-05,92386,1016,924
2021-10-05,92391,1004,917
2021-10-05,92392,28444,25084
2021-10-05,92394,16166,14248
2021-10-05,92395,19783,17294
2021-10-05,92397,2645,2412
2021-10-05,92398,433,357
2021-10-05,92399,27940,25009
2021-10-05,92401,932,786
2021-10-05,92404,29038,25365
2021-10-05,92405,14037,12332
2021-10-05,92407,32329,28743
2021-10-05,92408,7360,6489
2021-10-05,92410,23655,20610
2021-10-05,92411,13176,11499
2021-10-05,92501,15257,13711
2021-10-05,92503,53497,47746
2021-10-05,92504,31685,28444
2021-10-05,92505,28780,25666
2021-10-05,92506,28546,26168
2021-10-05,92507,33678,30149
2021-10-05,92508,21153,19374
2021-10-05,92509,43756,38766
2021-10-05,92518,650,563
2021-10-05,92530,28944,25726
2021-10-05,92532,13817,12474
2021-10-05,92536,1726,1485
2021-10-05,92539,1675,1419
2021-10-05,92543,18714,15519
2021-10-05,92544,21968,19012
2021-10-05,92545,23088,20407
2021-10-05,92548,3276,2873
2021-10-05,92549,2524,2205
2021-10-05,92551,17786,15852
2021-10-05,92553,40225,35140
2021-10-05,92555,25085,22622
2021-10-05,92557,29526,26430
2021-10-05,92561,861,764
2021-10-05,92562,33273,29918
2021-10-05,92563,38163,34298
2021-10-05,92567,4834,4237
2021-10-05,92570,28101,24339
2021-10-05,92571,30536,26820
2021-10-05,92582,9977,8834
2021-10-05,92583,15633,13467
2021-10-05,92584,28099,25184
2021-10-05,92585,12680,11147
2021-10-05,92586,13569,12154
2021-10-05,92587,7898,7047
2021-10-05,92590,2473,2164
2021-10-05,92591,22686,20302
2021-10-05,92592,43652,39023
2021-10-05,92595,16558,14772
2021-10-05,92596,15380,13794
2021-10-05,92602,22717,21197
2021-10-05,92603,15490,14464
2021-10-05,92604,21109,19719
2021-10-05,92606,17341,16199
2021-10-05,92610,8796,8252
2021-10-05,92612,22356,20634
2021-10-05,92614,21468,20037
2021-10-05,92617,9474,9035
2021-10-05,92618,41234,38312
2021-10-05,92620,45530,42616
2021-10-05,92624,4281,3889
2021-10-05,92625,8624,7935
2021-10-05,92626,32485,30007
2021-10-05,92627,37588,34336
2021-10-05,92629,17605,16187
2021-10-05,92630,44598,41345
2021-10-05,92637,15704,14613
2021-10-05,92646,37648,35192
2021-10-05,92647,37908,34927
2021-10-05,92648,30231,27967
2021-10-05,92649,22668,21078
2021-10-05,92651,17423,15998
2021-10-05,92653,21368,19804
2021-10-05,92655,6369,5825
2021-10-05,92656,35596,33181
2021-10-05,92657,8009,7377
2021-10-05,92660,24720,22874
2021-10-05,92661,2143,1971
2021-10-05,92662,1772,1624
2021-10-05,92663,13315,12187
2021-10-05,92672,21378,19069
2021-10-05,92673,18703,17112
2021-10-05,92675,22996,20961
2021-10-05,92676,1212,1125
2021-10-05,92677,45440,42082
2021-10-05,92679,21040,19568
2021-10-05,92683,69302,63548
2021-10-05,92688,29083,27103
2021-10-05,92691,33015,30559
2021-10-05,92692,33053,30798
2021-10-05,92694,21456,19925
2021-10-05,92701,31081,27636
2021-10-05,92703,47691,42373
2021-10-05,92704,58793,52975
2021-10-05,92705,31277,28618
2021-10-05,92706,25764,23215
2021-10-05,92707,39119,35223
2021-10-05,92708,42181,39210
2021-10-05,92780,36960,33764
2021-10-05,92782,20864,19585
2021-10-05,92801,40139,36163
2021-10-05,92802,28596,24902
2021-10-05,92804,56869,51746
2021-10-05,92805,47546,42865
2021-10-05,92806,26011,23679
2021-10-05,92807,25279,23266
2021-10-05,92808,14078,13042
2021-10-05,92821,27288,25190
2021-10-05,92823,4027,3706
2021-10-05,92831,22937,20884
2021-10-05,92832,16919,15320
2021-10-05,92833,36558,33440
2021-10-05,92835,18085,16654
2021-10-05,92840,39309,35887
2021-10-05,92841,25085,22998
2021-10-05,92843,33749,30943
2021-10-05,92844,17872,16442
2021-10-05,92845,11062,10240
2021-10-05,92860,11827,10588
2021-10-05,92861,4051,3751
2021-10-05,92865,13077,12061
2021-10-05,92866,9675,8866
2021-10-05,92867,27571,25352
2021-10-05,92868,16396,14754
2021-10-05,92869,25053,23077
2021-10-05,92870,35322,32540
2021-10-05,92879,27806,24886
2021-10-05,92880,36387,33355
2021-10-05,92881,18940,17272
2021-10-05,92882,40239,36644
2021-10-05,92883,21139,19255
2021-10-05,92886,33507,30981
2021-10-05,92887,13837,12795
2021-10-05,93001,22175,20118
2021-10-05,93003,34859,32200
2021-10-05,93004,21093,19576
2021-10-05,93010,30573,28025
2021-10-05,93012,26021,24024
2021-10-05,93013,12400,11294
2021-10-05,93015,12161,10963
2021-10-05,93021,26039,24160
2021-10-05,93022,3902,3624
2021-10-05,93023,14317,13173
2021-10-05,93030,41029,36868
2021-10-05,93033,54884,49273
2021-10-05,93035,19094,17594
2021-10-05,93036,30891,28073
2021-10-05,93040,1420,1256
2021-10-05,93041,13297,12032
2021-10-05,93060,22182,20031
2021-10-05,93063,36953,33933
2021-10-05,93065,48691,44663
2021-10-05,93066,2215,1987
2021-10-05,93067,843,759
2021-10-05,93101,23786,21601
2021-10-05,93103,15378,13981
2021-10-05,93105,19843,18346
2021-10-05,93108,8305,7511
2021-10-05,93109,8496,7880
2021-10-05,93110,12065,11248
2021-10-05,93111,14379,13449
2021-10-05,93117,34146,31532
2021-10-05,93201,596,516
2021-10-05,93202,1792,1563
2021-10-05,93203,10586,9250
2021-10-05,93204,5346,4673
2021-10-05,93205,858,757
2021-10-05,93206,1028,896
2021-10-05,93210,7000,5811
2021-10-05,93212,6602,5434
2021-10-05,93215,28665,24846
2021-10-05,93218,449,381
2021-10-05,93219,5310,4633
2021-10-05,93220,88,77
2021-10-05,93221,6847,6023
2021-10-05,93222,1063,969
2021-10-05,93223,5031,4143
2021-10-05,93224,130,100
2021-10-05,93225,2117,1930
2021-10-05,93226,101,88
2021-10-05,93230,31700,27164
2021-10-05,93234,3945,3374
2021-10-05,93235,2289,1954
2021-10-05,93238,838,751
2021-10-05,93239,822,701
2021-10-05,93240,2761,2412
2021-10-05,93241,7947,6793
2021-10-05,93242,1471,1299
2021-10-05,93243,627,559
2021-10-05,93244,212,192
2021-10-05,93245,14880,12873
2021-10-05,93247,8351,7281
2021-10-05,93249,1606,1371
2021-10-05,93250,7590,6506
2021-10-05,93251,115,95
2021-10-05,93252,514,435
2021-10-05,93254,415,355
2021-10-05,93255,230,202
2021-10-05,93256,2362,2044
2021-10-05,93257,38693,33423
2021-10-05,93258,1721,1476
2021-10-05,93261,1369,1157
2021-10-05,93263,11147,9755
2021-10-05,93265,2001,1821
2021-10-05,93266,776,676
2021-10-05,93267,2728,2349
2021-10-05,93268,5932,4973
2021-10-05,93270,3099,2649
2021-10-05,93271,1260,1170
2021-10-05,93272,1510,1326
2021-10-05,93274,35004,30619
2021-10-05,93277,26881,23637
2021-10-05,93280,11612,10017
2021-10-05,93283,772,675
2021-10-05,93285,1226,1094
2021-10-05,93286,5108,4467
2021-10-05,93287,85,71
2021-10-05,93291,30086,26184
2021-10-05,93292,21291,18654
2021-10-05,93301,6786,5851
2021-10-05,93304,24101,20774
2021-10-05,93305,16164,13896
2021-10-05,93306,39049,33673
2021-10-05,93307,41752,36083
2021-10-05,93308,23093,19902
2021-10-05,93309,30562,26943
2021-10-05,93311,31583,28259
2021-10-05,93312,31619,28045
2021-10-05,93313,32592,29027
2021-10-05,93314,17132,15019
2021-10-05,93401,21519,19674
2021-10-05,93402,10211,9385
2021-10-05,93405,13909,12619
2021-10-05,93420,19155,17306
2021-10-05,93422,17501,15810
2021-10-05,93424,913,839
2021-10-05,93426,538,467
2021-10-05,93427,4004,3624
2021-10-05,93428,4314,4001
2021-10-05,93429,65,54
2021-10-05,93430,1878,1721
2021-10-05,93432,713,631
2021-10-05,93433,7595,6740
2021-10-05,93434,5030,4384
2021-10-05,93436,32044,28279
2021-10-05,93440,1206,1051
2021-10-05,93441,893,824
2021-10-05,93442,7550,6832
2021-10-05,93444,14204,12609
2021-10-05,93445,4108,3603
2021-10-05,93446,24367,21803
2021-10-05,93449,5487,4974
2021-10-05,93450,304,264
2021-10-05,93451,2265,1963
2021-10-05,93452,352,312
2021-10-05,93453,1428,1274
2021-10-05,93454,25329,21796
2021-10-05,93455,27509,23906
2021-10-05,93458,33876,28991
2021-10-05,93460,3686,3354
2021-10-05,93461,697,591
2021-10-05,93463,5471,4966
2021-10-05,93465,5834,5288
2021-10-05,93501,1899,1652
2021-10-05,93505,4564,3909
2021-10-05,93510,3740,3421
2021-10-05,93513,783,712
2021-10-05,93514,7444,6789
2021-10-05,93516,599,509
2021-10-05,93517,420,376
2021-10-05,93518,420,366
2021-10-05,93523,691,591
2021-10-05,93524,311,54
2021-10-05,93526,302,282
2021-10-05,93527,818,701
2021-10-05,93531,296,264
2021-10-05,93532,1193,1086
2021-10-05,93534,20677,18023
2021-10-05,93535,38464,33658
2021-10-05,93536,36838,33208
2021-10-05,93541,365,332
2021-10-05,93543,7306,6492
2021-10-05,93544,549,498
2021-10-05,93545,941,847
2021-10-05,93546,7158,6623
2021-10-05,93550,42752,37661
2021-10-05,93551,32226,29276
2021-10-05,93552,24419,21793
2021-10-05,93553,893,810
2021-10-05,93555,13867,12044
2021-10-05,93560,9068,7887
2021-10-05,93561,13679,12008
2021-10-05,93562,467,426
2021-10-05,93563,83,67
2021-10-05,93591,3340,2936
2021-10-05,93601,946,857
2021-10-05,93602,1554,1378
2021-10-05,93603,84,73
2021-10-05,93604,422,379
2021-10-05,93606,791,684
2021-10-05,93608,746,625
2021-10-05,93609,3324,2890
2021-10-05,93610,8413,7278
2021-10-05,93611,29211,26358
2021-10-05,93612,19087,16933
2021-10-05,93614,6028,5494
2021-10-05,93615,2783,2401
2021-10-05,93616,1431,1271
2021-10-05,93618,16921,14591
2021-10-05,93619,28869,26198
2021-10-05,93620,4446,3609
2021-10-05,93621,221,188
2021-10-05,93622,5981,5044
2021-10-05,93624,520,443
2021-10-05,93625,5207,4692
2021-10-05,93626,1090,985
2021-10-05,93627,158,126
2021-10-05,93630,12517,10965
2021-10-05,93631,9171,8124
2021-10-05,93635,26295,21695
2021-10-05,93636,7929,7169
2021-10-05,93637,21813,19360
2021-10-05,93638,25804,22295
2021-10-05,93640,8183,6992
2021-10-05,93641,157,145
2021-10-05,93643,1577,1442
2021-10-05,93644,4551,4077
2021-10-05,93646,5512,4704
2021-10-05,93647,5821,5039
2021-10-05,93648,8915,7830
2021-10-05,93650,2161,1894
2021-10-05,93651,869,770
2021-10-05,93652,279,241
2021-10-05,93653,449,408
2021-10-05,93654,18646,16214
2021-10-05,93656,3348,2942
2021-10-05,93657,21837,19569
2021-10-05,93660,2793,2298
2021-10-05,93662,18246,15829
2021-10-05,93664,328,296
2021-10-05,93665,270,212
2021-10-05,93666,328,281
2021-10-05,93667,1024,922
2021-10-05,93668,602,523
2021-10-05,93669,127,111
2021-10-05,93673,413,354
2021-10-05,93675,1475,1318
2021-10-05,93701,5421,4511
2021-10-05,93702,23524,20060
2021-10-05,93703,16808,14423
2021-10-05,93704,16414,14701
2021-10-05,93705,18896,16533
2021-10-05,93706,19556,16561
2021-10-05,93710,16437,14493
2021-10-05,93711,25103,22552
2021-10-05,93720,31775,28604
2021-10-05,93721,3709,2968
2021-10-05,93722,48993,43181
2021-10-05,93723,7620,6774
2021-10-05,93725,14576,12670
2021-10-05,93726,21615,18873
2021-10-05,93727,45928,40796
2021-10-05,93728,8486,7432
2021-10-05,93730,9182,8324
2021-10-05,93901,20660,18561
2021-10-05,93905,44840,39813
2021-10-05,93906,41927,37366
2021-10-05,93907,15145,13726
2021-10-05,93908,9621,8796
2021-10-05,93920,917,860
2021-10-05,93921,2600,2331
2021-10-05,93923,8666,7859
2021-10-05,93924,4659,4262
2021-10-05,93925,1106,1004
2021-10-05,93926,6710,6035
2021-10-05,93927,12358,10886
2021-10-05,93928,86,60
2021-10-05,93930,11124,9724
2021-10-05,93932,258,225
2021-10-05,93933,17287,15977
2021-10-05,93940,20780,18785
2021-10-05,93950,11218,10246
2021-10-05,93953,3358,3064
2021-10-05,93954,157,132
2021-10-05,93955,21109,19165
2021-10-05,93960,12994,11248
2021-10-05,93962,502,457
2021-10-05,94002,21900,20628
2021-10-05,94005,3792,3561
2021-10-05,94010,34465,32406
2021-10-05,94014,36360,33955
2021-10-05,94015,49518,46564
2021-10-05,94019,13071,11564
2021-10-05,94020,1090,1013
2021-10-05,94021,127,111
2021-10-05,94022,17619,16763
2021-10-05,94024,19736,18837
2021-10-05,94025,33157,30838
2021-10-05,94027,5776,5352
2021-10-05,94028,5767,5391
2021-10-05,94030,18651,17684
2021-10-05,94037,2202,2074
2021-10-05,94038,2408,2132
2021-10-05,94040,29428,27895
2021-10-05,94041,12113,11518
2021-10-05,94043,24401,23245
2021-10-05,94044,29640,28056
2021-10-05,94060,1170,971
2021-10-05,94061,27800,25489
2021-10-05,94062,21750,20256
2021-10-05,94063,26915,24029
2021-10-05,94065,10143,9646
2021-10-05,94066,34872,32612
2021-10-05,94070,25343,24021
2021-10-05,94074,160,137
2021-10-05,94080,53200,49642
2021-10-05,94085,19197,18252
2021-10-05,94086,39344,37506
2021-10-05,94087,45639,43770
2021-10-05,94089,18462,17598
2021-10-05,94102,29015,26371
2021-10-05,94103,28670,26251
2021-10-05,94105,11769,10820
2021-10-05,94107,26402,24931
2021-10-05,94108,10840,9875
2021-10-05,94109,42513,39679
2021-10-05,94110,58837,55456
2021-10-05,94111,4206,3910
2021-10-05,94112,73370,69777
2021-10-05,94114,26485,25133
2021-10-05,94115,27164,25374
2021-10-05,94116,37886,36213
2021-10-05,94117,28944,27242
2021-10-05,94118,30564,28983
2021-10-05,94121,33639,32053
2021-10-05,94122,46722,44582
2021-10-05,94123,18142,16918
2021-10-05,94124,32934,30482
2021-10-05,94127,16586,15762
2021-10-05,94129,2527,2348
2021-10-05,94130,1585,1434
2021-10-05,94131,22334,21263
2021-10-05,94132,20362,19297
2021-10-05,94133,21445,19894
2021-10-05,94134,37938,35972
2021-10-05,94158,7769,7398
2021-10-05,94301,14514,13590
2021-10-05,94303,36555,33664
2021-10-05,94304,3603,3363
2021-10-05,94305,9059,8351
2021-10-05,94306,22993,21745
2021-10-05,94401,28085,25545
2021-10-05,94402,21593,20299
2021-10-05,94403,35591,33170
2021-10-05,94404,30055,28452
2021-10-05,94501,49351,46792
2021-10-05,94502,11842,11344
2021-10-05,94503,16603,15166
2021-10-05,94505,9669,9034
2021-10-05,94506,20917,20013
2021-10-05,94507,13005,12401
2021-10-05,94508,1773,1579
2021-10-05,94509,43508,39547
2021-10-05,94510,21433,18689
2021-10-05,94511,1297,1180
2021-10-05,94513,47244,44271
2021-10-05,94514,780,705
2021-10-05,94515,5269,4671
2021-10-05,94516,198,186
2021-10-05,94517,9981,9519
2021-10-05,94518,20750,19542
2021-10-05,94519,13752,12894
2021-10-05,94520,29026,26361
2021-10-05,94521,32374,30677
2021-10-05,94523,27925,26599
2021-10-05,94525,2388,2255
2021-10-05,94526,27291,26092
2021-10-05,94528,888,836
2021-10-05,94530,22253,21367
2021-10-05,94531,31666,29385
2021-10-05,94533,45604,38654
2021-10-05,94534,29868,26384
2021-10-05,94535,744,567
2021-10-05,94536,54600,51254
2021-10-05,94538,52069,48855
2021-10-05,94539,45856,43574
2021-10-05,94541,48268,44739
2021-10-05,94542,10596,9959
2021-10-05,94544,58020,53864
2021-10-05,94545,26113,24360
2021-10-05,94546,35613,32822
2021-10-05,94547,20333,19283
2021-10-05,94548,394,364
2021-10-05,94549,24276,23222
2021-10-05,94550,36832,34629
2021-10-05,94551,29378,27390
2021-10-05,94552,12113,11557
2021-10-05,94553,37278,35397
2021-10-05,94555,28605,27125
2021-10-05,94556,13163,12648
2021-10-05,94558,50514,45223
2021-10-05,94559,20056,17944
2021-10-05,94560,36544,34369
2021-10-05,94561,28094,25976
2021-10-05,94563,16733,16061
2021-10-05,94564,15137,14303
2021-10-05,94565,68532,63012
2021-10-05,94566,36389,34287
2021-10-05,94567,407,350
2021-10-05,94568,51134,48104
2021-10-05,94571,7692,6423
2021-10-05,94572,6675,6157
2021-10-05,94574,6482,5718
2021-10-05,94577,37168,34861
2021-10-05,94578,28077,25931
2021-10-05,94579,17688,16760
2021-10-05,94580,22381,21166
2021-10-05,94582,39633,38019
2021-10-05,94583,31636,30261
2021-10-05,94585,18091,15780
2021-10-05,94586,782,736
2021-10-05,94587,56012,52704
2021-10-05,94588,28568,26971
2021-10-05,94589,22765,18792
2021-10-05,94590,26169,21507
2021-10-05,94591,38985,34829
2021-10-05,94592,812,715
2021-10-05,94595,15733,15087
2021-10-05,94596,18774,17823
2021-10-05,94597,18544,17708
2021-10-05,94598,22810,21890
2021-10-05,94599,2815,2595
2021-10-05,94601,38934,35592
2021-10-05,94602,23145,21895
2021-10-05,94603,23920,21458
2021-10-05,94605,29945,27495
2021-10-05,94606,29163,27252
2021-10-05,94607,20035,18575
2021-10-05,94608,23196,21730
2021-10-05,94609,16844,15791
2021-10-05,94610,23995,22834
2021-10-05,94611,32709,31126
2021-10-05,94612,14048,13042
2021-10-05,94618,13483,12928
2021-10-05,94619,18677,17527
2021-10-05,94621,22820,20213
2021-10-05,94702,13891,13125
2021-10-05,94703,15640,14706
2021-10-05,94704,14271,13162
2021-10-05,94705,11712,11083
2021-10-05,94706,16191,15435
2021-10-05,94707,11310,10785
2021-10-05,94708,9872,9396
2021-10-05,94709,8515,8017
2021-10-05,94710,6913,6432
2021-10-05,94801,23330,21181
2021-10-05,94803,19970,18854
2021-10-05,94804,32069,29729
2021-10-05,94805,11501,10877
2021-10-05,94806,46643,43161
2021-10-05,94901,35954,33260
2021-10-05,94903,25453,24010
2021-10-05,94904,10395,9813
2021-10-05,94920,10520,9871
2021-10-05,94922,326,307
2021-10-05,94923,1094,1005
2021-10-05,94924,1094,1012
2021-10-05,94925,8386,7940
2021-10-05,94928,30915,28636
2021-10-05,94929,166,154
2021-10-05,94930,6922,6554
2021-10-05,94931,6588,6165
2021-10-05,94933,692,647
2021-10-05,94937,869,798
2021-10-05,94938,514,479
2021-10-05,94939,6111,5795
2021-10-05,94940,141,130
2021-10-05,94941,25993,24576
2021-10-05,94945,14553,13708
2021-10-05,94946,510,465
2021-10-05,94947,20163,18987
2021-10-05,94949,14746,13777
2021-10-05,94951,3153,2957
2021-10-05,94952,24916,23315
2021-10-05,94954,29195,27324
2021-10-05,94956,1243,1145
2021-10-05,94957,1942,1807
2021-10-05,94960,12504,11861
2021-10-05,94963,453,431
2021-10-05,94965,9108,8486
2021-10-05,94970,488,460
2021-10-05,94971,295,269
2021-10-05,94973,1191,1125
2021-10-05,95002,1584,1479
2021-10-05,95003,17992,16836
2021-10-05,95004,2644,2445
2021-10-05,95005,4520,4272
2021-10-05,95006,5986,5647
2021-10-05,95007,488,453
2021-10-05,95008,36889,35091
2021-10-05,95010,7334,6862
2021-10-05,95012,7494,6625
2021-10-05,95013,91,80
2021-10-05,95014,51560,49415
2021-10-05,95017,499,454
2021-10-05,95018,5615,5299
2021-10-05,95019,5362,4874
2021-10-05,95020,47335,44186
2021-10-05,95023,35079,31023
2021-10-05,95030,10989,10360
2021-10-05,95032,22372,21232
2021-10-05,95033,6863,6491
2021-10-05,95035,64871,61878
2021-10-05,95037,38941,36565
2021-10-05,95039,1215,1107
2021-10-05,95043,278,261
2021-10-05,95045,2552,2315
2021-10-05,95046,4756,4448
2021-10-05,95050,29689,28112
2021-10-05,95051,49742,47505
2021-10-05,95054,20496,19515
2021-10-05,95060,33867,31559
2021-10-05,95062,27013,25335
2021-10-05,95065,6144,5799
2021-10-05,95066,11243,10541
2021-10-05,95070,28549,27316
2021-10-05,95073,8115,7594
2021-10-05,95075,353,325
2021-10-05,95076,61759,56260
2021-10-05,95110,15607,14559
2021-10-05,95111,46945,43603
2021-10-05,95112,41038,38200
2021-10-05,95113,3344,3128
2021-10-05,95116,37845,34666
2021-10-05,95117,21866,20498
2021-10-05,95118,24690,23407
2021-10-05,95119,8195,7811
2021-10-05,95120,32097,30620
2021-10-05,95121,31726,29776
2021-10-05,95122,45229,41862
2021-10-05,95123,51715,48857
2021-10-05,95124,38407,36514
2021-10-05,95125,41388,39175
2021-10-05,95126,28517,26713
2021-10-05,95127,48154,44820
2021-10-05,95128,26484,24868
2021-10-05,95129,33287,31831
2021-10-05,95130,10345,9889
2021-10-05,95131,25317,24162
2021-10-05,95132,34212,32597
2021-10-05,95133,23851,22529
2021-10-05,95134,24477,23297
2021-10-05,95135,18194,17406
2021-10-05,95136,35467,33425
2021-10-05,95138,15743,14971
2021-10-05,95139,5044,4796
2021-10-05,95140,292,280
2021-10-05,95148,39070,36997
2021-10-05,95202,3063,2483
2021-10-05,95203,8350,7093
2021-10-05,95204,16550,14238
2021-10-05,95205,21106,17233
2021-10-05,95206,39114,32656
2021-10-05,95207,26343,22456
2021-10-05,95209,26111,22749
2021-10-05,95210,21525,17921
2021-10-05,95212,17704,15114
2021-10-05,95215,12619,10712
2021-10-05,95219,17978,15857
2021-10-05,95220,3744,3291
2021-10-05,95222,2638,2362
2021-10-05,95223,2378,2199
2021-10-05,95224,277,255
2021-10-05,95225,332,286
2021-10-05,95227,517,454
2021-10-05,95228,2285,2055
2021-10-05,95230,367,306
2021-10-05,95231,2204,1916
2021-10-05,95232,167,145
2021-10-05,95236,2586,2248
2021-10-05,95237,1873,1640
2021-10-05,95240,26057,22372
2021-10-05,95242,16190,14365
2021-10-05,95245,1007,870
2021-10-05,95246,837,758
2021-10-05,95247,2814,2599
2021-10-05,95248,209,175
2021-10-05,95249,2185,1841
2021-10-05,95251,359,320
2021-10-05,95252,6390,5696
2021-10-05,95254,333,297
2021-10-05,95255,898,778
2021-10-05,95257,239,195
2021-10-05,95258,2735,2424
2021-10-05,95301,19710,16140
2021-10-05,95303,398,314
2021-10-05,95304,8418,7427
2021-10-05,95306,415,315
2021-10-05,95307,24776,20848
2021-10-05,95310,1282,1168
2021-10-05,95311,914,688
2021-10-05,95312,147,131
2021-10-05,95313,693,589
2021-10-05,95315,6428,5265
2021-10-05,95316,3284,2741
2021-10-05,95317,383,304
2021-10-05,95318,318,196
2021-10-05,95319,1198,975
2021-10-05,95320,6373,5559
2021-10-05,95321,2248,2032
2021-10-05,95322,5134,4223
2021-10-05,95323,513,437
2021-10-05,95324,3038,2524
2021-10-05,95326,5600,4804
2021-10-05,95327,3043,2684
2021-10-05,95328,2236,1890
2021-10-05,95329,1142,960
2021-10-05,95330,17626,15683
2021-10-05,95333,1413,1092
2021-10-05,95334,9659,8001
2021-10-05,95335,200,181
2021-10-05,95336,27847,24794
2021-10-05,95337,26456,23146
2021-10-05,95338,5901,4245
2021-10-05,95340,20752,16672
2021-10-05,95341,13982,10773
2021-10-05,95345,403,250
2021-10-05,95346,564,495
2021-10-05,95348,17047,13640
2021-10-05,95350,30718,26496
2021-10-05,95351,25588,21157
2021-10-05,95354,13345,11357
2021-10-05,95355,35865,31501
2021-10-05,95356,20497,18080
2021-10-05,95357,7340,6365
2021-10-05,95358,16365,13851
2021-10-05,95360,7301,6110
2021-10-05,95361,17588,14848
2021-10-05,95363,17410,14960
2021-10-05,95365,2654,2065
2021-10-05,95366,9740,8704
2021-10-05,95367,14002,12017
2021-10-05,95368,8276,7283
2021-10-05,95369,425,345
2021-10-05,95370,14247,12766
2021-10-05,95372,1174,1048
2021-10-05,95374,707,584
2021-10-05,95376,33875,29352
2021-10-05,95377,24504,21612
2021-10-05,95379,1538,1342
2021-10-05,95380,22731,18595
2021-10-05,95382,22714,19162
2021-10-05,95383,2532,2299
2021-10-05,95385,170,145
2021-10-05,95386,4640,3910
2021-10-05,95387,577,454
2021-10-05,95388,6402,5212
2021-10-05,95391,16312,14107
2021-10-05,95401,26431,24033
2021-10-05,95403,31466,28760
2021-10-05,95404,27908,25509
2021-10-05,95405,16818,15526
2021-10-05,95407,28762,25752
2021-10-05,95409,21138,19543
2021-10-05,95410,684,604
2021-10-05,95412,188,157
2021-10-05,95415,1231,1070
2021-10-05,95420,194,174
2021-10-05,95421,1028,949
2021-10-05,95422,7161,6036
2021-10-05,95423,1941,1720
2021-10-05,95425,8639,7910
2021-10-05,95426,944,850
2021-10-05,95427,290,265
2021-10-05,95428,1488,1228
2021-10-05,95432,286,251
2021-10-05,95435,222,194
2021-10-05,95436,4077,3745
2021-10-05,95437,10096,9270
2021-10-05,95439,567,512
2021-10-05,95441,2191,2029
2021-10-05,95442,2224,2074
2021-10-05,95444,866,811
2021-10-05,95445,1975,1651
2021-10-05,95446,3725,3428
2021-10-05,95448,14084,13023
2021-10-05,95449,864,764
2021-10-05,95450,293,261
2021-10-05,95451,6694,6012
2021-10-05,95452,1099,1020
2021-10-05,95453,6844,6109
2021-10-05,95454,1724,1495
2021-10-05,95456,552,506
2021-10-05,95457,1841,1600
2021-10-05,95458,1437,1302
2021-10-05,95459,404,317
2021-10-05,95460,2135,1960
2021-10-05,95461,1583,1422
2021-10-05,95462,923,850
2021-10-05,95463,98,86
2021-10-05,95464,1263,1113
2021-10-05,95465,1504,1403
2021-10-05,95466,1114,958
2021-10-05,95467,3062,2735
2021-10-05,95468,900,741
2021-10-05,95469,923,832
2021-10-05,95470,3242,2904
2021-10-05,95472,21070,19577
2021-10-05,95476,26708,24801
2021-10-05,95482,20010,17547
2021-10-05,95485,1313,1169
2021-10-05,95488,142,130
2021-10-05,95490,7687,6735
2021-10-05,95492,20947,19334
2021-10-05,95494,200,180
2021-10-05,95497,591,501
2021-10-05,95501,15119,13607
2021-10-05,95503,15466,14075
2021-10-05,95511,103,86
2021-10-05,95514,103,86
2021-10-05,95519,11655,10742
2021-10-05,95521,13027,11997
2021-10-05,95524,1467,1352
2021-10-05,95525,1267,1148
2021-10-05,95526,227,202
2021-10-05,95527,177,158
2021-10-05,95528,484,438
2021-10-05,95531,9776,8492
2021-10-05,95536,1757,1627
2021-10-05,95537,204,182
2021-10-05,95540,8064,7220
2021-10-05,95542,1250,1117
2021-10-05,95543,356,317
2021-10-05,95545,101,90
2021-10-05,95546,1233,1094
2021-10-05,95547,718,653
2021-10-05,95548,557,505
2021-10-05,95549,479,437
2021-10-05,95551,928,856
2021-10-05,95552,124,112
2021-10-05,95553,454,409
2021-10-05,95554,242,217
2021-10-05,95555,198,176
2021-10-05,95556,274,177
2021-10-05,95558,274,254
2021-10-05,95560,1328,1180
2021-10-05,95562,1584,1397
2021-10-05,95563,276,256
2021-10-05,95564,240,215
2021-10-05,95565,416,363
2021-10-05,95567,842,727
2021-10-05,95568,90,44
2021-10-05,95569,105,88
2021-10-05,95570,1769,1620
2021-10-05,95571,129,111
2021-10-05,95573,1021,933
2021-10-05,95585,221,203
2021-10-05,95589,716,641
2021-10-05,95601,221,183
2021-10-05,95602,10478,9551
2021-10-05,95603,16576,15068
2021-10-05,95605,7759,6884
2021-10-05,95606,176,142
2021-10-05,95607,175,159
2021-10-05,95608,39328,35898
2021-10-05,95610,23804,21601
2021-10-05,95612,880,786
2021-10-05,95614,2170,2036
2021-10-05,95615,603,558
2021-10-05,95616,33859,31332
2021-10-05,95618,20783,19281
2021-10-05,95619,2760,2520
2021-10-05,95620,13962,11999
2021-10-05,95621,22796,20853
2021-10-05,95623,2356,2164
2021-10-05,95624,45839,42659
2021-10-05,95625,185,163
2021-10-05,95626,2823,2584
2021-10-05,95627,2326,1935
2021-10-05,95628,27759,25720
2021-10-05,95629,529,465
2021-10-05,95630,52838,48841
2021-10-05,95631,2833,2572
2021-10-05,95632,17780,15912
2021-10-05,95633,1575,1438
2021-10-05,95634,1388,1246
2021-10-05,95635,615,567
2021-10-05,95636,454,416
2021-10-05,95637,224,200
2021-10-05,95638,1193,1098
2021-10-05,95639,177,164
2021-10-05,95640,4797,4168
2021-10-05,95641,1239,1074
2021-10-05,95642,4777,4004
2021-10-05,95645,984,800
2021-10-05,95648,33708,31232
2021-10-05,95650,7629,7081
2021-10-05,95651,541,471
2021-10-05,95653,405,343
2021-10-05,95655,2532,2335
2021-10-05,95658,3779,3494
2021-10-05,95659,361,329
2021-10-05,95660,15163,13350
2021-10-05,95661,20801,19254
2021-10-05,95662,18580,17110
2021-10-05,95663,1689,1574
2021-10-05,95664,761,702
2021-10-05,95665,2515,2177
2021-10-05,95666,3188,2713
2021-10-05,95667,20819,18894
2021-10-05,95668,358,312
2021-10-05,95669,1711,1474
2021-10-05,95670,32580,29655
2021-10-05,95672,2761,2542
2021-10-05,95673,7428,6650
2021-10-05,95674,435,397
2021-10-05,95675,173,149
2021-10-05,95677,16569,15401
2021-10-05,95678,25931,23889
2021-10-05,95679,75,62
2021-10-05,95681,605,544
2021-10-05,95682,17783,16443
2021-10-05,95683,4640,4370
2021-10-05,95684,1447,1281
2021-10-05,95685,2986,2532
2021-10-05,95686,586,514
2021-10-05,95687,36518,32121
2021-10-05,95688,23748,20490
2021-10-05,95689,851,732
2021-10-05,95690,1472,1275
2021-10-05,95691,24959,22759
2021-10-05,95692,2136,1922
2021-10-05,95693,4202,3914
2021-10-05,95694,6305,5163
2021-10-05,95695,25819,23099
2021-10-05,95697,366,320
2021-10-05,95698,153,138
2021-10-05,95699,83,67
2021-10-05,95701,391,349
2021-10-05,95703,1015,930
2021-10-05,95709,2487,2201
2021-10-05,95713,3964,3599
2021-10-05,95714,202,181
2021-10-05,95717,119,107
2021-10-05,95722,2987,2759
2021-10-05,95726,4400,3951
2021-10-05,95728,341,307
2021-10-05,95742,10758,10013
2021-10-05,95746,15661,14598
2021-10-05,95747,49438,45968
2021-10-05,95757,38415,36093
2021-10-05,95758,44760,41897
2021-10-05,95762,33292,30970
2021-10-05,95765,26904,24963
2021-10-05,95776,19373,17482
2021-10-05,95811,6087,5557
2021-10-05,95814,6651,6059
2021-10-05,95815,13426,11701
2021-10-05,95816,14417,13380
2021-10-05,95817,9202,8458
2021-10-05,95818,16198,15100
2021-10-05,95819,13486,12520
2021-10-05,95820,21795,19702
2021-10-05,95821,21557,19441
2021-10-05,95822,29136,26387
2021-10-05,95823,47526,42524
2021-10-05,95824,17996,15861
2021-10-05,95825,20407,18327
2021-10-05,95826,23520,21629
2021-10-05,95827,11637,10622
2021-10-05,95828,40114,36544
2021-10-05,95829,22556,21042
2021-10-05,95830,559,529
2021-10-05,95831,31049,29080
2021-10-05,95832,8156,6756
2021-10-05,95833,24299,21898
2021-10-05,95834,22888,20625
2021-10-05,95835,28250,25871
2021-10-05,95838,22011,19158
2021-10-05,95841,10117,9141
2021-10-05,95842,15465,13895
2021-10-05,95843,24181,22079
2021-10-05,95864,18151,16322
2021-10-05,95901,15644,13759
2021-10-05,95903,537,421
2021-10-05,95912,2859,2558
2021-10-05,95914,356,331
2021-10-05,95916,357,320
2021-10-05,95917,1417,1233
2021-10-05,95918,1112,1000
2021-10-05,95919,518,472
2021-10-05,95920,119,108
2021-10-05,95922,292,254
2021-10-05,95925,95,83
2021-10-05,95926,21925,19772
2021-10-05,95928,21637,19565
2021-10-05,95932,4315,3857
2021-10-05,95934,109,94
2021-10-05,95935,331,307
2021-10-05,95937,905,808
2021-10-05,95938,2265,2050
2021-10-05,95941,158,147
2021-10-05,95942,856,776
2021-10-05,95943,371,337
2021-10-05,95945,14908,13086
2021-10-05,95946,5892,5360
2021-10-05,95947,725,650
2021-10-05,95948,6138,5282
2021-10-05,95949,10910,9904
2021-10-05,95950,295,261
2021-10-05,95951,1462,1344
2021-10-05,95953,6115,5401
2021-10-05,95954,3972,3573
2021-10-05,95955,654,566
2021-10-05,95956,211,190
2021-10-05,95957,348,304
2021-10-05,95959,11505,10412
2021-10-05,95960,594,529
2021-10-05,95961,13614,12076
2021-10-05,95962,853,784
2021-10-05,95963,7842,7155
2021-10-05,95965,8656,7639
2021-10-05,95966,13560,12137
2021-10-05,95968,777,694
2021-10-05,95969,4654,4222
2021-10-05,95970,249,233
2021-10-05,95971,3237,2973
2021-10-05,95973,21940,19869
2021-10-05,95974,139,120
2021-10-05,95975,891,797
2021-10-05,95977,685,614
2021-10-05,95979,212,195
2021-10-05,95982,1370,1226
2021-10-05,95983,198,173
2021-10-05,95987,3479,3064
2021-10-05,95988,4200,3828
2021-10-05,95991,22198,19462
2021-10-05,95993,23057,20756
2021-10-05,96001,16927,14313
2021-10-05,96002,15240,13082
2021-10-05,96003,19598,16832
2021-10-05,96006,175,150
2021-10-05,96007,9614,8250
2021-10-05,96009,191,158
2021-10-05,96010,71,60
2021-10-05,96011,84,72
2021-10-05,96013,1829,1557
2021-10-05,96016,200,169
2021-10-05,96019,4162,3620
2021-10-05,96020,1238,1112
2021-10-05,96021,6612,5845
2021-10-05,96022,6122,5320
2021-10-05,96023,293,241
2021-10-05,96024,406,361
2021-10-05,96025,1089,974
2021-10-05,96027,945,836
2021-10-05,96028,764,632
2021-10-05,96031,53,41
2021-10-05,96032,943,844
2021-10-05,96033,168,142
2021-10-05,96035,1195,1040
2021-10-05,96038,273,232
2021-10-05,96039,378,226
2021-10-05,96041,1175,995
2021-10-05,96044,366,307
2021-10-05,96046,83,72
2021-10-05,96047,333,289
2021-10-05,96048,363,312
2021-10-05,96049,517,435
2021-10-05,96050,155,137
2021-10-05,96051,562,499
2021-10-05,96052,674,581
2021-10-05,96054,100,85
2021-10-05,96055,1676,1509
2021-10-05,96056,714,582
2021-10-05,96057,662,574
2021-10-05,96058,346,307
2021-10-05,96059,231,210
2021-10-05,96062,411,361
2021-10-05,96064,1727,1499
2021-10-05,96065,231,209
2021-10-05,96067,4339,3936
2021-10-05,96069,348,303
2021-10-05,96073,2271,1960
2021-10-05,96080,12395,11061
2021-10-05,96084,235,203
2021-10-05,96086,108,71
2021-10-05,96087,381,312
2021-10-05,96088,2144,1902
2021-10-05,96090,190,171
2021-10-05,96091,303,264
2021-10-05,96092,217,194
2021-10-05,96093,2031,1795
2021-10-05,96094,3441,3049
2021-10-05,96096,285,243
2021-10-05,96097,4300,3715
2021-10-05,96101,2237,2082
2021-10-05,96103,1005,943
2021-10-05,96104,310,291
2021-10-05,96105,104,91
2021-10-05,96106,334,316
2021-10-05,96107,341,314
2021-10-05,96109,156,138
2021-10-05,96113,142,121
2021-10-05,96114,901,792
2021-10-05,96118,699,650
2021-10-05,96120,471,429
2021-10-05,96121,133,120
2021-10-05,96122,1940,1785
2021-10-05,96128,133,116
2021-10-05,96129,88,76
2021-10-05,96130,5193,4567
2021-10-05,96134,814,693
2021-10-05,96137,1265,1160
2021-10-05,96140,813,715
2021-10-05,96142,481,427
2021-10-05,96143,2243,1916
2021-10-05,96145,2597,2310
2021-10-05,96146,1019,903
2021-10-05,96148,707,617
2021-10-05,96150,13769,11644
2021-10-05,96161,11310,9829
2021-10-12,90001,53194,38264
2021-10-12,90002,30538,25805
2021-10-12,90003,42805,35528
2021-10-12,90004,43795,39058
2021-10-12,90005,27017,23619
2021-10-12,90006,40007,34179
2021-10-12,90007,31340,27591
2021-10-12,90008,19514,17184
2021-10-12,90010,4163,3657
2021-10-12,90011,67169,53072
2021-10-12,90012,30983,27316
2021-10-12,90013,11303,8973
2021-10-12,90014,7049,6068
2021-10-12,90015,18324,15720
2021-10-12,90016,32293,28602
2021-10-12,90017,19909,16236
2021-10-12,90018,34724,29617
2021-10-12,90019,44513,39427
2021-10-12,90020,29094,25795
2021-10-12,90021,3213,2635
2021-10-12,90022,44986,39544
2021-10-12,90023,31181,27160
2021-10-12,90024,28190,25391
2021-10-12,90025,34149,31319
2021-10-12,90026,46590,41815
2021-10-12,90027,34028,31212
2021-10-12,90028,23525,20502
2021-10-12,90029,25056,22372
2021-10-12,90031,27284,24313
2021-10-12,90032,30730,27628
2021-10-12,90033,33386,29428
2021-10-12,90034,42884,39429
2021-10-12,90035,20688,18664
2021-10-12,90036,28584,25670
2021-10-12,90037,40829,33437
2021-10-12,90038,19381,17231
2021-10-12,90039,22016,20213
2021-10-12,90040,10579,8972
2021-10-12,90041,19997,18493
2021-10-12,90042,41917,38304
2021-10-12,90043,28905,25459
2021-10-12,90044,53539,45385
2021-10-12,90045,41029,37225
2021-10-12,90046,36450,33240
2021-10-12,90047,30817,26942
2021-10-12,90048,17789,15864
2021-10-12,90049,28142,25634
2021-10-12,90056,6121,5579
2021-10-12,90057,28083,23730
2021-10-12,90058,6625,5452
2021-10-12,90059,24589,20548
2021-10-12,90061,16716,14199
2021-10-12,90062,21218,18236
2021-10-12,90063,35031,30990
2021-10-12,90064,22350,20615
2021-10-12,90065,32933,29995
2021-10-12,90066,41741,38486
2021-10-12,90067,3119,2751
2021-10-12,90068,17178,15628
2021-10-12,90069,17540,15796
2021-10-12,90071,1111,763
2021-10-12,90077,7024,6400
2021-10-12,90094,7308,6754
2021-10-12,90201,62744,55333
2021-10-12,90210,17368,15271
2021-10-12,90211,6855,6187
2021-10-12,90212,9531,8568
2021-10-12,90220,29699,25567
2021-10-12,90221,32337,27581
2021-10-12,90222,18642,15769
2021-10-12,90230,24466,22557
2021-10-12,90232,13465,12487
2021-10-12,90240,18700,17039
2021-10-12,90241,30215,27257
2021-10-12,90242,28946,26200
2021-10-12,90245,14569,12877
2021-10-12,90247,33005,29431
2021-10-12,90248,7802,7033
2021-10-12,90249,19050,17124
2021-10-12,90250,60947,54226
2021-10-12,90254,15111,14014
2021-10-12,90255,47721,41641
2021-10-12,90260,23519,21230
2021-10-12,90262,43555,37673
2021-10-12,90263,459,368
2021-10-12,90265,10403,9401
2021-10-12,90266,28304,26155
2021-10-12,90270,16795,14763
2021-10-12,90272,18037,16615
2021-10-12,90274,20631,19147
2021-10-12,90275,32622,30139
2021-10-12,90277,26965,24979
2021-10-12,90278,30168,28170
2021-10-12,90280,63190,55962
2021-10-12,90290,4423,4131
2021-10-12,90291,20748,18872
2021-10-12,90292,19968,18191
2021-10-12,90293,9181,8457
2021-10-12,90301,23900,20997
2021-10-12,90302,17781,15882
2021-10-12,90303,15991,14049
2021-10-12,90304,17980,15798
2021-10-12,90305,9520,8588
2021-10-12,90401,7286,6323
2021-10-12,90402,9313,8464
2021-10-12,90403,19810,18222
2021-10-12,90404,16642,15123
2021-10-12,90405,22387,20387
2021-10-12,90501,30433,27685
2021-10-12,90502,13399,12143
2021-10-12,90503,34764,32064
2021-10-12,90504,24126,22297
2021-10-12,90505,28317,26179
2021-10-12,90601,21919,19967
2021-10-12,90602,16156,14532
2021-10-12,90603,14007,12971
2021-10-12,90604,26133,23969
2021-10-12,90605,27405,24884
2021-10-12,90606,21900,19778
2021-10-12,90620,32506,30065
2021-10-12,90621,24562,22331
2021-10-12,90623,11873,11059
2021-10-12,90630,35653,33189
2021-10-12,90631,45458,41392
2021-10-12,90638,32837,30160
2021-10-12,90640,43651,38992
2021-10-12,90650,70472,63730
2021-10-12,90660,44458,40121
2021-10-12,90670,11702,10741
2021-10-12,90680,20548,18679
2021-10-12,90701,12695,11466
2021-10-12,90703,40793,37796
2021-10-12,90704,2690,2327
2021-10-12,90706,48537,43445
2021-10-12,90710,17837,16027
2021-10-12,90712,22057,20183
2021-10-12,90713,19203,17643
2021-10-12,90715,13749,12591
2021-10-12,90716,8876,7932
2021-10-12,90717,14335,13047
2021-10-12,90720,15575,14483
2021-10-12,90723,34317,30338
2021-10-12,90731,43053,37044
2021-10-12,90732,14339,13034
2021-10-12,90740,18997,17434
2021-10-12,90742,628,574
2021-10-12,90743,268,227
2021-10-12,90744,33239,28973
2021-10-12,90745,43189,39251
2021-10-12,90746,18200,16486
2021-10-12,90755,7816,7068
2021-10-12,90802,27312,24232
2021-10-12,90803,23639,21520
2021-10-12,90804,24399,21649
2021-10-12,90805,57253,50528
2021-10-12,90806,27338,24186
2021-10-12,90807,23409,21329
2021-10-12,90808,28247,25845
2021-10-12,90810,24746,22140
2021-10-12,90813,32311,28029
2021-10-12,90814,13399,12228
2021-10-12,90815,30764,26867
2021-10-12,91001,26573,24694
2021-10-12,91006,25581,23633
2021-10-12,91007,26006,24035
2021-10-12,91008,888,825
2021-10-12,91010,19114,17371
2021-10-12,91011,16296,15234
2021-10-12,91016,28724,26448
2021-10-12,91020,5678,5196
2021-10-12,91024,8365,7854
2021-10-12,91030,20618,19297
2021-10-12,91040,13089,11750
2021-10-12,91042,16508,14820
2021-10-12,91101,15967,14722
2021-10-12,91103,19954,18135
2021-10-12,91104,25437,23568
2021-10-12,91105,11274,10422
2021-10-12,91106,18541,17234
2021-10-12,91107,25999,24152
2021-10-12,91108,10760,10008
2021-10-12,91201,13696,12360
2021-10-12,91202,14788,13488
2021-10-12,91203,10148,9170
2021-10-12,91204,10560,9372
2021-10-12,91205,21387,19362
2021-10-12,91206,21345,19480
2021-10-12,91207,7205,6618
2021-10-12,91208,11475,10650
2021-10-12,91214,23226,21572
2021-10-12,91301,18542,17226
2021-10-12,91302,19649,18221
2021-10-12,91303,19173,17158
2021-10-12,91304,35277,32094
2021-10-12,91306,33453,30385
2021-10-12,91307,19004,17582
2021-10-12,91311,28043,25849
2021-10-12,91316,20223,18541
2021-10-12,91320,31929,29594
2021-10-12,91321,21751,19802
2021-10-12,91324,21036,19030
2021-10-12,91325,24333,22181
2021-10-12,91326,28242,26345
2021-10-12,91331,67789,59874
2021-10-12,91335,54469,48972
2021-10-12,91340,23344,20660
2021-10-12,91342,63944,57151
2021-10-12,91343,41281,37031
2021-10-12,91344,37284,34059
2021-10-12,91345,14120,12629
2021-10-12,91350,27613,25595
2021-10-12,91351,22321,20469
2021-10-12,91352,30352,27084
2021-10-12,91354,23328,21812
2021-10-12,91355,22609,21013
2021-10-12,91356,21924,19839
2021-10-12,91360,30250,27872
2021-10-12,91361,15301,14239
2021-10-12,91362,26760,24884
2021-10-12,91364,20010,18525
2021-10-12,91367,31403,29040
2021-10-12,91377,10662,10006
2021-10-12,91381,14640,13651
2021-10-12,91384,14771,13576
2021-10-12,91387,28620,26235
2021-10-12,91390,12216,11371
2021-10-12,91401,24991,22329
2021-10-12,91402,46006,40460
2021-10-12,91403,18359,16944
2021-10-12,91405,33292,28946
2021-10-12,91406,35467,31815
2021-10-12,91411,15782,13738
2021-10-12,91423,23238,21417
2021-10-12,91436,12227,11268
2021-10-12,91501,13475,12290
2021-10-12,91502,7942,7163
2021-10-12,91504,17607,16223
2021-10-12,91505,24148,22341
2021-10-12,91506,14407,13266
2021-10-12,91601,26857,24369
2021-10-12,91602,14032,12933
2021-10-12,91604,23017,21213
2021-10-12,91605,33735,29844
2021-10-12,91606,27627,24684
2021-10-12,91607,20452,18568
2021-10-12,91701,24916,22920
2021-10-12,91702,39055,35363
2021-10-12,91706,53418,48433
2021-10-12,91709,55770,51805
2021-10-12,91710,49713,45236
2021-10-12,91711,24832,23145
2021-10-12,91722,25053,22882
2021-10-12,91723,12523,11356
2021-10-12,91724,17944,16564
2021-10-12,91730,40900,37327
2021-10-12,91731,20229,18198
2021-10-12,91732,42104,37749
2021-10-12,91733,29842,26661
2021-10-12,91737,15649,14397
2021-10-12,91739,25022,23059
2021-10-12,91740,17636,16120
2021-10-12,91741,18379,16953
2021-10-12,91744,56988,51760
2021-10-12,91745,40841,37635
2021-10-12,91746,21020,19076
2021-10-12,91748,34889,32206
2021-10-12,91750,22686,20984
2021-10-12,91752,21475,19383
2021-10-12,91754,29568,27149
2021-10-12,91755,22389,20620
2021-10-12,91759,261,235
2021-10-12,91761,37259,33688
2021-10-12,91762,37184,33436
2021-10-12,91763,23869,21564
2021-10-12,91764,31776,28171
2021-10-12,91765,36114,33634
2021-10-12,91766,44363,39761
2021-10-12,91767,32087,28943
2021-10-12,91768,19758,17691
2021-10-12,91770,48247,44263
2021-10-12,91773,22869,21100
2021-10-12,91775,18591,17304
2021-10-12,91776,31130,28522
2021-10-12,91780,27818,25732
2021-10-12,91784,18898,17491
2021-10-12,91786,32657,29546
2021-10-12,91789,33586,31372
2021-10-12,91790,32709,29863
2021-10-12,91791,24125,22294
2021-10-12,91792,21547,19884
2021-10-12,91801,40954,37754
2021-10-12,91803,23140,21296
2021-10-12,91901,9362,8462
2021-10-12,91902,14438,12696
2021-10-12,91905,783,688
2021-10-12,91906,1963,1755
2021-10-12,91910,64701,56492
2021-10-12,91911,72261,63364
2021-10-12,91913,40950,36441
2021-10-12,91914,15261,13428
2021-10-12,91915,25811,22682
2021-10-12,91916,999,902
2021-10-12,91917,998,856
2021-10-12,91931,243,211
2021-10-12,91932,16995,14923
2021-10-12,91934,400,356
2021-10-12,91935,5665,5122
2021-10-12,91941,22747,20493
2021-10-12,91942,27472,24733
2021-10-12,91945,18212,16281
2021-10-12,91950,44161,38809
2021-10-12,91962,1011,904
2021-10-12,91963,1095,925
2021-10-12,91977,38672,34454
2021-10-12,91978,6516,5818
2021-10-12,92003,3164,2820
2021-10-12,92004,3008,2523
2021-10-12,92007,8243,7412
2021-10-12,92008,19734,17382
2021-10-12,92009,32873,29484
2021-10-12,92010,12333,11074
2021-10-12,92011,16996,15162
2021-10-12,92014,11884,10354
2021-10-12,92019,27594,24913
2021-10-12,92020,37943,33580
2021-10-12,92021,39914,35483
2021-10-12,92024,38177,34043
2021-10-12,92025,32137,27815
2021-10-12,92026,32684,28903
2021-10-12,92027,35201,30942
2021-10-12,92028,30252,26097
2021-10-12,92029,14445,12901
2021-10-12,92036,2068,1779
2021-10-12,92037,37147,32054
2021-10-12,92040,23787,21402
2021-10-12,92054,24153,21298
2021-10-12,92055,173,110
2021-10-12,92056,34953,31258
2021-10-12,92057,34841,31102
2021-10-12,92058,15210,13017
2021-10-12,92059,873,786
2021-10-12,92060,168,142
2021-10-12,92061,1923,1699
2021-10-12,92064,33926,30667
2021-10-12,92065,19874,17702
2021-10-12,92066,184,157
2021-10-12,92067,9175,7650
2021-10-12,92069,32031,28715
2021-10-12,92070,667,594
2021-10-12,92071,34468,31209
2021-10-12,92075,10605,9299
2021-10-12,92078,33242,29864
2021-10-12,92081,18695,16789
2021-10-12,92082,11909,10599
2021-10-12,92083,24064,21173
2021-10-12,92084,30144,26780
2021-10-12,92086,788,692
2021-10-12,92091,1313,1130
2021-10-12,92101,36689,31192
2021-10-12,92102,31460,28059
2021-10-12,92103,47035,43739
2021-10-12,92104,33925,30816
2021-10-12,92105,46677,41314
2021-10-12,92106,14158,12606
2021-10-12,92107,20118,18197
2021-10-12,92108,18316,16168
2021-10-12,92109,33636,30027
2021-10-12,92110,20467,18046
2021-10-12,92111,33907,30534
2021-10-12,92113,35366,31102
2021-10-12,92114,46487,41660
2021-10-12,92115,40906,36542
2021-10-12,92116,24612,22400
2021-10-12,92117,38371,35033
2021-10-12,92118,17225,13860
2021-10-12,92119,17541,16059
2021-10-12,92120,22645,20585
2021-10-12,92121,4808,4272
2021-10-12,92122,38195,34266
2021-10-12,92123,23880,20872
2021-10-12,92124,17358,15722
2021-10-12,92126,57956,52931
2021-10-12,92127,37522,33759
2021-10-12,92128,38037,34362
2021-10-12,92129,40639,37276
2021-10-12,92130,49876,44669
2021-10-12,92131,28764,26299
2021-10-12,92139,25426,22731
2021-10-12,92154,75927,66478
2021-10-12,92173,47243,41517
2021-10-12,92201,42425,36827
2021-10-12,92203,20199,18299
2021-10-12,92210,4596,4093
2021-10-12,92211,22295,20332
2021-10-12,92220,17952,16096
2021-10-12,92223,32760,29665
2021-10-12,92225,6229,5474
2021-10-12,92227,17477,14565
2021-10-12,92230,1041,931
2021-10-12,92231,53796,43699
2021-10-12,92233,2220,1808
2021-10-12,92234,37021,33086
2021-10-12,92236,27844,24118
2021-10-12,92239,173,147
2021-10-12,92240,22621,19762
2021-10-12,92241,5194,4587
2021-10-12,92242,138,112
2021-10-12,92243,38940,32993
2021-10-12,92249,5811,4911
2021-10-12,92250,5836,4952
2021-10-12,92251,15015,13094
2021-10-12,92252,4166,3758
2021-10-12,92253,27903,25061
2021-10-12,92254,8765,7229
2021-10-12,92256,1726,1563
2021-10-12,92257,981,820
2021-10-12,92258,491,422
2021-10-12,92259,137,122
2021-10-12,92260,24146,21652
2021-10-12,92262,22662,20117
2021-10-12,92264,16990,15384
2021-10-12,92268,370,342
2021-10-12,92270,16244,14752
2021-10-12,92273,1149,988
2021-10-12,92274,11819,9818
2021-10-12,92275,396,343
2021-10-12,92276,5506,4959
2021-10-12,92277,6748,5778
2021-10-12,92278,46,26
2021-10-12,92281,1272,1042
2021-10-12,92282,641,569
2021-10-12,92283,393,327
2021-10-12,92284,11711,10488
2021-10-12,92285,1070,954
2021-10-12,92301,14572,12655
2021-10-12,92307,17848,15817
2021-10-12,92308,18895,16829
2021-10-12,92309,289,249
2021-10-12,92310,371,281
2021-10-12,92311,11857,9775
2021-10-12,92313,7458,6813
2021-10-12,92314,3991,3579
2021-10-12,92315,3589,3172
2021-10-12,92316,17958,15866
2021-10-12,92320,5530,5042
2021-10-12,92321,649,574
2021-10-12,92324,31644,27970
2021-10-12,92325,4939,4474
2021-10-12,92327,154,132
2021-10-12,92333,293,268
2021-10-12,92335,53463,47185
2021-10-12,92336,61839,56305
2021-10-12,92337,22420,20089
2021-10-12,92339,570,516
2021-10-12,92342,2777,2441
2021-10-12,92344,10258,9207
2021-10-12,92345,37756,33226
2021-10-12,92346,32115,28815
2021-10-12,92347,229,189
2021-10-12,92352,3187,2909
2021-10-12,92354,15407,14186
2021-10-12,92356,2155,1852
2021-10-12,92358,447,402
2021-10-12,92359,4463,3989
2021-10-12,92363,1243,1006
2021-10-12,92365,725,628
2021-10-12,92368,348,309
2021-10-12,92371,5521,4885
2021-10-12,92372,2200,1968
2021-10-12,92373,23178,21013
2021-10-12,92374,24952,22682
2021-10-12,92376,46987,41397
2021-10-12,92377,12445,11128
2021-10-12,92378,312,281
2021-10-12,92382,2691,2436
2021-10-12,92386,1023,930
2021-10-12,92391,1011,922
2021-10-12,92392,28721,25385
2021-10-12,92394,16308,14406
2021-10-12,92395,19942,17484
2021-10-12,92397,2652,2426
2021-10-12,92398,440,359
2021-10-12,92399,28075,25204
2021-10-12,92401,941,796
2021-10-12,92404,29293,25700
2021-10-12,92405,14156,12464
2021-10-12,92407,32568,29024
2021-10-12,92408,7405,6552
2021-10-12,92410,23870,20812
2021-10-12,92411,13306,11633
2021-10-12,92501,15322,13807
2021-10-12,92503,53904,48203
2021-10-12,92504,31901,28685
2021-10-12,92505,28985,25904
2021-10-12,92506,28651,26299
2021-10-12,92507,33880,30446
2021-10-12,92508,21252,19529
2021-10-12,92509,44033,39100
2021-10-12,92518,650,567
2021-10-12,92530,29155,25990
2021-10-12,92532,13912,12554
2021-10-12,92536,1736,1503
2021-10-12,92539,1680,1430
2021-10-12,92543,18864,15672
2021-10-12,92544,22127,19231
2021-10-12,92545,23238,20575
2021-10-12,92548,3297,2897
2021-10-12,92549,2536,2211
2021-10-12,92551,17922,15997
2021-10-12,92553,40526,35568
2021-10-12,92555,25272,22819
2021-10-12,92557,29732,26692
2021-10-12,92561,864,768
2021-10-12,92562,33454,30122
2021-10-12,92563,38345,34528
2021-10-12,92567,4865,4288
2021-10-12,92570,28323,24606
2021-10-12,92571,30785,27095
2021-10-12,92582,10077,8922
2021-10-12,92583,15768,13594
2021-10-12,92584,28265,25374
2021-10-12,92585,12757,11251
2021-10-12,92586,13637,12240
2021-10-12,92587,7942,7097
2021-10-12,92590,2482,2183
2021-10-12,92591,22789,20422
2021-10-12,92592,43873,39241
2021-10-12,92595,16673,14907
2021-10-12,92596,15483,13882
2021-10-12,92602,22789,21267
2021-10-12,92603,15523,14499
2021-10-12,92604,21157,19775
2021-10-12,92606,17373,16250
2021-10-12,92610,8823,8284
2021-10-12,92612,22419,20740
2021-10-12,92614,21522,20106
2021-10-12,92617,9496,9069
2021-10-12,92618,41379,38433
2021-10-12,92620,45622,42739
2021-10-12,92624,4292,3908
2021-10-12,92625,8644,7952
2021-10-12,92626,32628,30144
2021-10-12,92627,37768,34547
2021-10-12,92629,17658,16243
2021-10-12,92630,44735,41494
2021-10-12,92637,15730,14631
2021-10-12,92646,37774,35328
2021-10-12,92647,38055,35140
2021-10-12,92648,30352,28084
2021-10-12,92649,22734,21178
2021-10-12,92651,17471,16033
2021-10-12,92653,21416,19857
2021-10-12,92655,6386,5844
2021-10-12,92656,35727,33318
2021-10-12,92657,8021,7398
2021-10-12,92660,24794,22954
2021-10-12,92661,2154,1985
2021-10-12,92662,1779,1630
2021-10-12,92663,13367,12242
2021-10-12,92672,21468,19185
2021-10-12,92673,18784,17192
2021-10-12,92675,23090,21079
2021-10-12,92676,1215,1131
2021-10-12,92677,45578,42226
2021-10-12,92679,21088,19635
2021-10-12,92683,69545,63784
2021-10-12,92688,29175,27193
2021-10-12,92691,33112,30663
2021-10-12,92692,33155,30897
2021-10-12,92694,21517,19992
2021-10-12,92701,31243,27788
2021-10-12,92703,47975,42683
2021-10-12,92704,59096,53334
2021-10-12,92705,31403,28710
2021-10-12,92706,25869,23337
2021-10-12,92707,39305,35468
2021-10-12,92708,42299,39357
2021-10-12,92780,37105,33947
2021-10-12,92782,20941,19648
2021-10-12,92801,40369,36414
2021-10-12,92802,28793,25092
2021-10-12,92804,57137,52052
2021-10-12,92805,47776,43172
2021-10-12,92806,26149,23820
2021-10-12,92807,25344,23368
2021-10-12,92808,14114,13096
2021-10-12,92821,27376,25305
2021-10-12,92823,4040,3733
2021-10-12,92831,23034,21006
2021-10-12,92832,16996,15410
2021-10-12,92833,36695,33585
2021-10-12,92835,18145,16700
2021-10-12,92840,39480,36057
2021-10-12,92841,25189,23125
2021-10-12,92843,33860,31087
2021-10-12,92844,17940,16505
2021-10-12,92845,11088,10284
2021-10-12,92860,11911,10690
2021-10-12,92861,4056,3759
2021-10-12,92865,13142,12143
2021-10-12,92866,9724,8907
2021-10-12,92867,27685,25484
2021-10-12,92868,16493,14827
2021-10-12,92869,25141,23176
2021-10-12,92870,35442,32662
2021-10-12,92879,27990,25057
2021-10-12,92880,36535,33546
2021-10-12,92881,19042,17382
2021-10-12,92882,40443,36874
2021-10-12,92883,21226,19377
2021-10-12,92886,33594,31073
2021-10-12,92887,13875,12841
2021-10-12,93001,22247,20239
2021-10-12,93003,34994,32316
2021-10-12,93004,21163,19645
2021-10-12,93010,30692,28157
2021-10-12,93012,26093,24078
2021-10-12,93013,12418,11326
2021-10-12,93015,12237,11054
2021-10-12,93021,26122,24261
2021-10-12,93022,3913,3641
2021-10-12,93023,14347,13224
2021-10-12,93030,41211,37115
2021-10-12,93033,55263,49738
2021-10-12,93035,19181,17663
2021-10-12,93036,31054,28225
2021-10-12,93040,1423,1269
2021-10-12,93041,13369,12108
2021-10-12,93060,22293,20180
2021-10-12,93063,37068,34100
2021-10-12,93065,48849,44840
2021-10-12,93066,2223,1997
2021-10-12,93067,845,760
2021-10-12,93101,23866,21697
2021-10-12,93103,15432,14045
2021-10-12,93105,19911,18390
2021-10-12,93108,8309,7528
2021-10-12,93109,8515,7896
2021-10-12,93110,12107,11288
2021-10-12,93111,14405,13484
2021-10-12,93117,34253,31623
2021-10-12,93201,599,516
2021-10-12,93202,1801,1571
2021-10-12,93203,10660,9327
2021-10-12,93204,5393,4727
2021-10-12,93205,866,767
2021-10-12,93206,1031,905
2021-10-12,93210,7062,5883
2021-10-12,93212,6657,5524
2021-10-12,93215,28850,25121
2021-10-12,93218,465,388
2021-10-12,93219,5343,4695
2021-10-12,93220,88,77
2021-10-12,93221,6889,6088
2021-10-12,93222,1067,977
2021-10-12,93223,5098,4201
2021-10-12,93224,130,107
2021-10-12,93225,2128,1943
2021-10-12,93226,101,90
2021-10-12,93230,31939,27504
2021-10-12,93234,3984,3406
2021-10-12,93235,2299,1976
2021-10-12,93238,845,758
2021-10-12,93239,841,718
2021-10-12,93240,2782,2448
2021-10-12,93241,8028,6904
2021-10-12,93242,1487,1313
2021-10-12,93243,631,565
2021-10-12,93244,213,192
2021-10-12,93245,14993,13047
2021-10-12,93247,8459,7375
2021-10-12,93249,1614,1393
2021-10-12,93250,7649,6586
2021-10-12,93251,115,97
2021-10-12,93252,516,441
2021-10-12,93254,417,355
2021-10-12,93255,234,204
2021-10-12,93256,2383,2079
2021-10-12,93257,39233,33980
2021-10-12,93258,1744,1497
2021-10-12,93261,1376,1173
2021-10-12,93263,11242,9879
2021-10-12,93265,2007,1836
2021-10-12,93266,781,682
2021-10-12,93267,2766,2379
2021-10-12,93268,5969,5061
2021-10-12,93270,3135,2680
2021-10-12,93271,1263,1176
2021-10-12,93272,1520,1340
2021-10-12,93274,35323,30958
2021-10-12,93277,27062,23892
2021-10-12,93280,11724,10149
2021-10-12,93283,783,687
2021-10-12,93285,1229,1104
2021-10-12,93286,5148,4520
2021-10-12,93287,86,71
2021-10-12,93291,30296,26460
2021-10-12,93292,21468,18867
2021-10-12,93301,6852,5936
2021-10-12,93304,24353,21037
2021-10-12,93305,16310,14127
2021-10-12,93306,39312,34083
2021-10-12,93307,42189,36683
2021-10-12,93308,23249,20142
2021-10-12,93309,30769,27220
2021-10-12,93311,31744,28499
2021-10-12,93312,31791,28289
2021-10-12,93313,32845,29313
2021-10-12,93314,17221,15174
2021-10-12,93401,21565,19735
2021-10-12,93402,10241,9422
2021-10-12,93405,13934,12661
2021-10-12,93420,19218,17393
2021-10-12,93422,17575,15935
2021-10-12,93424,914,842
2021-10-12,93426,539,476
2021-10-12,93427,4016,3636
2021-10-12,93428,4320,4014
2021-10-12,93429,65,54
2021-10-12,93430,1893,1731
2021-10-12,93432,722,640
2021-10-12,93433,7626,6789
2021-10-12,93434,5055,4418
2021-10-12,93436,32207,28516
2021-10-12,93440,1208,1054
2021-10-12,93441,893,825
2021-10-12,93442,7567,6864
2021-10-12,93444,14251,12671
2021-10-12,93445,4121,3630
2021-10-12,93446,24472,21933
2021-10-12,93449,5499,4997
2021-10-12,93450,305,268
2021-10-12,93451,2276,1978
2021-10-12,93452,352,313
2021-10-12,93453,1432,1280
2021-10-12,93454,25492,21980
2021-10-12,93455,27593,24050
2021-10-12,93458,34093,29274
2021-10-12,93460,3698,3367
2021-10-12,93461,700,595
2021-10-12,93463,5478,4989
2021-10-12,93465,5853,5310
2021-10-12,93501,1925,1683
2021-10-12,93505,4654,3975
2021-10-12,93510,3761,3449
2021-10-12,93513,784,713
2021-10-12,93514,7460,6803
2021-10-12,93516,613,513
2021-10-12,93517,421,376
2021-10-12,93518,423,369
2021-10-12,93523,701,594
2021-10-12,93524,311,54
2021-10-12,93526,304,283
2021-10-12,93527,833,710
2021-10-12,93531,296,264
2021-10-12,93532,1202,1095
2021-10-12,93534,20902,18233
2021-10-12,93535,38950,34114
2021-10-12,93536,37177,33563
2021-10-12,93541,365,332
2021-10-12,93543,7369,6542
2021-10-12,93544,556,500
2021-10-12,93545,944,853
2021-10-12,93546,7172,6639
2021-10-12,93550,43146,38099
2021-10-12,93551,32416,29488
2021-10-12,93552,24660,22011
2021-10-12,93553,897,812
2021-10-12,93555,14046,12188
2021-10-12,93560,9220,7990
2021-10-12,93561,13763,12105
2021-10-12,93562,473,428
2021-10-12,93563,83,68
2021-10-12,93591,3384,2975
2021-10-12,93601,949,865
2021-10-12,93602,1564,1383
2021-10-12,93603,84,73
2021-10-12,93604,422,383
2021-10-12,93606,795,694
2021-10-12,93608,750,626
2021-10-12,93609,3347,2913
2021-10-12,93610,8476,7363
2021-10-12,93611,29324,26523
2021-10-12,93612,19200,17096
2021-10-12,93614,6042,5517
2021-10-12,93615,2803,2435
2021-10-12,93616,1439,1281
2021-10-12,93618,17057,14784
2021-10-12,93619,28972,26345
2021-10-12,93620,4473,3634
2021-10-12,93621,221,190
2021-10-12,93622,6011,5080
2021-10-12,93624,523,447
2021-10-12,93625,5232,4723
2021-10-12,93626,1092,986
2021-10-12,93627,158,126
2021-10-12,93630,12612,11074
2021-10-12,93631,9227,8178
2021-10-12,93635,26489,21940
2021-10-12,93636,7969,7221
2021-10-12,93637,21980,19558
2021-10-12,93638,26015,22521
2021-10-12,93640,8256,7071
2021-10-12,93641,158,145
2021-10-12,93643,1582,1445
2021-10-12,93644,4566,4105
2021-10-12,93646,5575,4763
2021-10-12,93647,5861,5089
2021-10-12,93648,9008,7941
2021-10-12,93650,2174,1914
2021-10-12,93651,872,776
2021-10-12,93652,281,242
2021-10-12,93653,450,411
2021-10-12,93654,18824,16373
2021-10-12,93656,3369,2972
2021-10-12,93657,21966,19756
2021-10-12,93660,2802,2313
2021-10-12,93662,18369,15988
2021-10-12,93664,329,298
2021-10-12,93665,271,212
2021-10-12,93666,336,285
2021-10-12,93667,1028,928
2021-10-12,93668,608,530
2021-10-12,93669,127,111
2021-10-12,93673,413,356
2021-10-12,93675,1483,1330
2021-10-12,93701,5474,4585
2021-10-12,93702,23764,20314
2021-10-12,93703,16976,14651
2021-10-12,93704,16506,14817
2021-10-12,93705,19033,16702
2021-10-12,93706,19732,16759
2021-10-12,93710,16531,14595
2021-10-12,93711,25212,22670
2021-10-12,93720,31896,28748
2021-10-12,93721,3726,3001
2021-10-12,93722,49334,43623
2021-10-12,93723,7656,6819
2021-10-12,93725,14687,12790
2021-10-12,93726,21775,19073
2021-10-12,93727,46219,41164
2021-10-12,93728,8554,7508
2021-10-12,93730,9213,8363
2021-10-12,93901,20745,18697
2021-10-12,93905,45148,40171
2021-10-12,93906,42154,37675
2021-10-12,93907,15219,13803
2021-10-12,93908,9648,8832
2021-10-12,93920,924,864
2021-10-12,93921,2610,2335
2021-10-12,93923,8684,7879
2021-10-12,93924,4671,4275
2021-10-12,93925,1108,1011
2021-10-12,93926,6750,6074
2021-10-12,93927,12425,10980
2021-10-12,93928,87,64
2021-10-12,93930,11187,9802
2021-10-12,93932,259,228
2021-10-12,93933,17375,16030
2021-10-12,93940,20829,18837
2021-10-12,93950,11255,10278
2021-10-12,93953,3360,3070
2021-10-12,93954,161,132
2021-10-12,93955,21201,19279
2021-10-12,93960,13069,11368
2021-10-12,93962,504,459
2021-10-12,94002,21938,20666
2021-10-12,94005,3806,3573
2021-10-12,94010,34531,32486
2021-10-12,94014,36472,34073
2021-10-12,94015,49645,46710
2021-10-12,94019,13106,11613
2021-10-12,94020,1090,1016
2021-10-12,94021,128,111
2021-10-12,94022,17644,16784
2021-10-12,94024,19757,18867
2021-10-12,94025,33230,30918
2021-10-12,94027,5781,5358
2021-10-12,94028,5774,5398
2021-10-12,94030,18673,17724
2021-10-12,94037,2207,2076
2021-10-12,94038,2414,2140
2021-10-12,94040,29505,27980
2021-10-12,94041,12131,11541
2021-10-12,94043,24442,23302
2021-10-12,94044,29706,28121
2021-10-12,94060,1172,973
2021-10-12,94061,27863,25564
2021-10-12,94062,21780,20302
2021-10-12,94063,27011,24164
2021-10-12,94065,10166,9662
2021-10-12,94066,34972,32735
2021-10-12,94070,25391,24078
2021-10-12,94074,161,138
2021-10-12,94080,53338,49792
2021-10-12,94085,19246,18298
2021-10-12,94086,39421,37601
2021-10-12,94087,45718,43830
2021-10-12,94089,18494,17639
2021-10-12,94102,29188,26498
2021-10-12,94103,28760,26345
2021-10-12,94105,11814,10851
2021-10-12,94107,26466,24972
2021-10-12,94108,10874,9891
2021-10-12,94109,42627,39778
2021-10-12,94110,58987,55616
2021-10-12,94111,4216,3916
2021-10-12,94112,73525,69965
2021-10-12,94114,26533,25161
2021-10-12,94115,27230,25436
2021-10-12,94116,37953,36276
2021-10-12,94117,29004,27286
2021-10-12,94118,30620,29021
2021-10-12,94121,33685,32128
2021-10-12,94122,46793,44685
2021-10-12,94123,18171,16937
2021-10-12,94124,33081,30673
2021-10-12,94127,16609,15789
2021-10-12,94129,2533,2350
2021-10-12,94130,1592,1438
2021-10-12,94131,22363,21293
2021-10-12,94132,20401,19360
2021-10-12,94133,21509,19932
2021-10-12,94134,38027,36081
2021-10-12,94158,7786,7411
2021-10-12,94301,14540,13606
2021-10-12,94303,36733,33888
2021-10-12,94304,3609,3370
2021-10-12,94305,9077,8386
2021-10-12,94306,23042,21792
2021-10-12,94401,28172,25651
2021-10-12,94402,21637,20337
2021-10-12,94403,35682,33308
2021-10-12,94404,30131,28511
2021-10-12,94501,49449,46911
2021-10-12,94502,11855,11367
2021-10-12,94503,16635,15227
2021-10-12,94505,9718,9088
2021-10-12,94506,20959,20046
2021-10-12,94507,13039,12421
2021-10-12,94508,1778,1582
2021-10-12,94509,43927,39982
2021-10-12,94510,21482,18761
2021-10-12,94511,1303,1185
2021-10-12,94513,47463,44585
2021-10-12,94514,783,710
2021-10-12,94515,5274,4681
2021-10-12,94516,198,186
2021-10-12,94517,10011,9566
2021-10-12,94518,20838,19676
2021-10-12,94519,13815,12977
2021-10-12,94520,29286,26623
2021-10-12,94521,32459,30799
2021-10-12,94523,28011,26690
2021-10-12,94525,2404,2266
2021-10-12,94526,27332,26148
2021-10-12,94528,888,839
2021-10-12,94530,22318,21409
2021-10-12,94531,31900,29640
2021-10-12,94533,45822,38903
2021-10-12,94534,29945,26512
2021-10-12,94535,748,588
2021-10-12,94536,54725,51419
2021-10-12,94538,52200,49010
2021-10-12,94539,45921,43651
2021-10-12,94541,48496,45028
2021-10-12,94542,10632,10002
2021-10-12,94544,58309,54184
2021-10-12,94545,26178,24473
2021-10-12,94546,35705,32921
2021-10-12,94547,20396,19377
2021-10-12,94548,397,370
2021-10-12,94549,24311,23268
2021-10-12,94550,36924,34761
2021-10-12,94551,29461,27556
2021-10-12,94552,12139,11582
2021-10-12,94553,37405,35563
2021-10-12,94555,28656,27172
2021-10-12,94556,13184,12670
2021-10-12,94558,50626,45382
2021-10-12,94559,20107,18028
2021-10-12,94560,36643,34528
2021-10-12,94561,28290,26286
2021-10-12,94563,16758,16080
2021-10-12,94564,15213,14377
2021-10-12,94565,69188,63598
2021-10-12,94566,36464,34352
2021-10-12,94567,409,351
2021-10-12,94568,51233,48205
2021-10-12,94571,7718,6453
2021-10-12,94572,6704,6195
2021-10-12,94574,6495,5725
2021-10-12,94577,37287,35044
2021-10-12,94578,28211,26088
2021-10-12,94579,17751,16823
2021-10-12,94580,22460,21263
2021-10-12,94582,39701,38087
2021-10-12,94583,31706,30335
2021-10-12,94585,18198,15887
2021-10-12,94586,783,737
2021-10-12,94587,56173,52866
2021-10-12,94588,28636,27033
2021-10-12,94589,22864,18915
2021-10-12,94590,26330,21682
2021-10-12,94591,39128,35035
2021-10-12,94592,819,715
2021-10-12,94595,15765,15110
2021-10-12,94596,18848,17877
2021-10-12,94597,18588,17765
2021-10-12,94598,22850,21936
2021-10-12,94599,2816,2599
2021-10-12,94601,39169,35809
2021-10-12,94602,23209,21971
2021-10-12,94603,24102,21683
2021-10-12,94605,30108,27689
2021-10-12,94606,29274,27374
2021-10-12,94607,20111,18659
2021-10-12,94608,23277,21813
2021-10-12,94609,16905,15859
2021-10-12,94610,24031,22875
2021-10-12,94611,32761,31175
2021-10-12,94612,14090,13103
2021-10-12,94618,13494,12939
2021-10-12,94619,18734,17609
2021-10-12,94621,22990,20424
2021-10-12,94702,13929,13169
2021-10-12,94703,15685,14742
2021-10-12,94704,14305,13219
2021-10-12,94705,11725,11096
2021-10-12,94706,16220,15464
2021-10-12,94707,11319,10798
2021-10-12,94708,9881,9406
2021-10-12,94709,8533,8038
2021-10-12,94710,6940,6462
2021-10-12,94801,23588,21399
2021-10-12,94803,20063,18964
2021-10-12,94804,32286,29978
2021-10-12,94805,11571,10945
2021-10-12,94806,46987,43539
2021-10-12,94901,36090,33415
2021-10-12,94903,25507,24058
2021-10-12,94904,10408,9831
2021-10-12,94920,10536,9885
2021-10-12,94922,329,307
2021-10-12,94923,1096,1009
2021-10-12,94924,1094,1012
2021-10-12,94925,8399,7948
2021-10-12,94928,31009,28752
2021-10-12,94930,6932,6566
2021-10-12,94931,6602,6184
2021-10-12,94933,694,647
2021-10-12,94937,869,798
2021-10-12,94938,515,479
2021-10-12,94939,6118,5798
2021-10-12,94940,141,130
2021-10-12,94941,26016,24599
2021-10-12,94945,14582,13750
2021-10-12,94946,511,466
2021-10-12,94947,20199,19018
2021-10-12,94949,14769,13810
2021-10-12,94951,3162,2968
2021-10-12,94952,24967,23382
2021-10-12,94954,29258,27403
2021-10-12,94956,1244,1145
2021-10-12,94957,1943,1807
2021-10-12,94960,12520,11881
2021-10-12,94963,455,432
2021-10-12,94965,9127,8503
2021-10-12,94970,489,460
2021-10-12,94971,296,269
2021-10-12,94973,1194,1125
2021-10-12,95002,1589,1487
2021-10-12,95003,18017,16872
2021-10-12,95004,2652,2452
2021-10-12,95005,4526,4282
2021-10-12,95006,5995,5661
2021-10-12,95007,489,457
2021-10-12,95008,36959,35196
2021-10-12,95010,7349,6882
2021-10-12,95012,7532,6676
2021-10-12,95013,91,80
2021-10-12,95014,51608,49487
2021-10-12,95017,499,455
2021-10-12,95018,5624,5304
2021-10-12,95019,5389,4897
2021-10-12,95020,47515,44432
2021-10-12,95023,35270,31242
2021-10-12,95030,11005,10379
2021-10-12,95032,22403,21275
2021-10-12,95033,6870,6500
2021-10-12,95035,65005,62023
2021-10-12,95037,39078,36719
2021-10-12,95039,1217,1112
2021-10-12,95043,280,261
2021-10-12,95045,2565,2330
2021-10-12,95046,4773,4469
2021-10-12,95050,29758,28236
2021-10-12,95051,49856,47648
2021-10-12,95054,20532,19555
2021-10-12,95060,33923,31623
2021-10-12,95062,27067,25396
2021-10-12,95065,6154,5813
2021-10-12,95066,11264,10573
2021-10-12,95070,28582,27354
2021-10-12,95073,8125,7615
2021-10-12,95075,356,325
2021-10-12,95076,62029,56538
2021-10-12,95110,15667,14635
2021-10-12,95111,47110,43836
2021-10-12,95112,41170,38375
2021-10-12,95113,3353,3140
2021-10-12,95116,38025,34917
2021-10-12,95117,21958,20580
2021-10-12,95118,24742,23463
2021-10-12,95119,8217,7845
2021-10-12,95120,32133,30664
2021-10-12,95121,31809,29882
2021-10-12,95122,45444,42094
2021-10-12,95123,51858,49033
2021-10-12,95124,38479,36617
2021-10-12,95125,41501,39292
2021-10-12,95126,28604,26829
2021-10-12,95127,48330,45075
2021-10-12,95128,26565,24954
2021-10-12,95129,33327,31890
2021-10-12,95130,10368,9915
2021-10-12,95131,25374,24231
2021-10-12,95132,34299,32699
2021-10-12,95133,23914,22602
2021-10-12,95134,24519,23360
2021-10-12,95135,18221,17441
2021-10-12,95136,35573,33550
2021-10-12,95138,15775,15012
2021-10-12,95139,5063,4814
2021-10-12,95148,39173,37116
2021-10-12,95202,3085,2506
2021-10-12,95203,8404,7142
2021-10-12,95204,16639,14334
2021-10-12,95205,21291,17406
2021-10-12,95206,39333,32908
2021-10-12,95207,26518,22601
2021-10-12,95209,26264,22893
2021-10-12,95210,21653,18054
2021-10-12,95212,17788,15205
2021-10-12,95215,12700,10805
2021-10-12,95219,18055,15935
2021-10-12,95220,3760,3308
2021-10-12,95222,2647,2373
2021-10-12,95223,2399,2206
2021-10-12,95224,280,255
2021-10-12,95225,333,286
2021-10-12,95227,518,458
2021-10-12,95228,2300,2065
2021-10-12,95230,368,308
2021-10-12,95231,2222,1940
2021-10-12,95232,167,145
2021-10-12,95236,2604,2267
2021-10-12,95237,1882,1652
2021-10-12,95240,26241,22537
2021-10-12,95242,16277,14453
2021-10-12,95245,1015,876
2021-10-12,95246,838,761
2021-10-12,95247,2832,2607
2021-10-12,95248,211,176
2021-10-12,95249,2195,1847
2021-10-12,95251,361,322
2021-10-12,95252,6430,5738
2021-10-12,95254,335,297
2021-10-12,95255,899,778
2021-10-12,95257,239,195
2021-10-12,95258,2751,2435
2021-10-12,95301,19815,16228
2021-10-12,95303,398,317
2021-10-12,95304,8452,7465
2021-10-12,95306,419,317
2021-10-12,95307,24947,21046
2021-10-12,95310,1288,1170
2021-10-12,95311,920,689
2021-10-12,95312,148,132
2021-10-12,95313,701,592
2021-10-12,95315,6467,5305
2021-10-12,95316,3294,2761
2021-10-12,95317,387,307
2021-10-12,95318,321,198
2021-10-12,95319,1204,984
2021-10-12,95320,6421,5618
2021-10-12,95321,2266,2042
2021-10-12,95322,5162,4247
2021-10-12,95323,514,438
2021-10-12,95324,3054,2552
2021-10-12,95326,5642,4835
2021-10-12,95327,3057,2704
2021-10-12,95328,2247,1909
2021-10-12,95329,1143,969
2021-10-12,95330,17713,15784
2021-10-12,95333,1423,1098
2021-10-12,95334,9729,8061
2021-10-12,95335,200,182
2021-10-12,95336,27994,24967
2021-10-12,95337,26582,23285
2021-10-12,95338,5933,4265
2021-10-12,95340,20863,16770
2021-10-12,95341,14083,10876
2021-10-12,95345,405,252
2021-10-12,95346,566,499
2021-10-12,95348,17158,13754
2021-10-12,95350,30897,26690
2021-10-12,95351,25790,21375
2021-10-12,95354,13430,11455
2021-10-12,95355,36039,31729
2021-10-12,95356,20574,18199
2021-10-12,95357,7380,6414
2021-10-12,95358,16478,13973
2021-10-12,95360,7358,6177
2021-10-12,95361,17685,14964
2021-10-12,95363,17497,15056
2021-10-12,95365,2672,2080
2021-10-12,95366,9774,8746
2021-10-12,95367,14068,12099
2021-10-12,95368,8312,7342
2021-10-12,95369,430,345
2021-10-12,95370,14316,12842
2021-10-12,95372,1178,1058
2021-10-12,95374,711,585
2021-10-12,95376,34059,29549
2021-10-12,95377,24605,21696
2021-10-12,95379,1549,1356
2021-10-12,95380,22876,18798
2021-10-12,95382,22818,19276
2021-10-12,95383,2542,2314
2021-10-12,95385,172,149
2021-10-12,95386,4666,3942
2021-10-12,95387,598,460
2021-10-12,95388,6443,5264
2021-10-12,95391,16345,14157
2021-10-12,95401,26555,24157
2021-10-12,95403,31580,28904
2021-10-12,95404,27995,25610
2021-10-12,95405,16856,15570
2021-10-12,95407,28912,25924
2021-10-12,95409,21177,19586
2021-10-12,95410,685,606
2021-10-12,95412,189,158
2021-10-12,95415,1233,1072
2021-10-12,95420,194,174
2021-10-12,95421,1031,949
2021-10-12,95422,7218,6098
2021-10-12,95423,1947,1732
2021-10-12,95425,8666,7947
2021-10-12,95426,949,853
2021-10-12,95427,292,266
2021-10-12,95428,1491,1233
2021-10-12,95432,286,251
2021-10-12,95435,223,194
2021-10-12,95436,4084,3757
2021-10-12,95437,10104,9285
2021-10-12,95439,570,515
2021-10-12,95441,2194,2034
2021-10-12,95442,2231,2081
2021-10-12,95444,867,812
2021-10-12,95445,1980,1653
2021-10-12,95446,3736,3442
2021-10-12,95448,14111,13047
2021-10-12,95449,869,768
2021-10-12,95450,293,261
2021-10-12,95451,6706,6040
2021-10-12,95452,1100,1022
2021-10-12,95453,6854,6131
2021-10-12,95454,1731,1501
2021-10-12,95456,552,507
2021-10-12,95457,1851,1621
2021-10-12,95458,1442,1310
2021-10-12,95459,405,318
2021-10-12,95460,2136,1964
2021-10-12,95461,1585,1436
2021-10-12,95462,928,853
2021-10-12,95464,1271,1124
2021-10-12,95465,1508,1405
2021-10-12,95466,1123,961
2021-10-12,95467,3072,2751
2021-10-12,95468,904,749
2021-10-12,95469,926,835
2021-10-12,95470,3249,2923
2021-10-12,95472,21104,19617
2021-10-12,95476,26767,24873
2021-10-12,95482,20097,17675
2021-10-12,95485,1318,1172
2021-10-12,95488,142,130
2021-10-12,95490,7704,6775
2021-10-12,95492,21002,19412
2021-10-12,95494,200,180
2021-10-12,95497,596,501
2021-10-12,95501,15170,13681
2021-10-12,95503,15511,14158
2021-10-12,95511,105,86
2021-10-12,95514,103,87
2021-10-12,95519,11692,10778
2021-10-12,95521,13056,12051
2021-10-12,95524,1472,1357
2021-10-12,95525,1268,1149
2021-10-12,95526,228,204
2021-10-12,95527,177,158
2021-10-12,95528,486,441
2021-10-12,95531,9834,8608
2021-10-12,95536,1765,1637
2021-10-12,95537,204,184
2021-10-12,95540,8102,7280
2021-10-12,95542,1256,1118
2021-10-12,95543,356,321
2021-10-12,95545,101,90
2021-10-12,95546,1238,1097
2021-10-12,95547,721,658
2021-10-12,95548,562,508
2021-10-12,95549,481,440
2021-10-12,95551,931,858
2021-10-12,95552,125,113
2021-10-12,95553,456,416
2021-10-12,95554,245,218
2021-10-12,95555,198,176
2021-10-12,95556,275,179
2021-10-12,95558,275,255
2021-10-12,95560,1336,1193
2021-10-12,95562,1600,1403
2021-10-12,95563,279,258
2021-10-12,95564,241,218
2021-10-12,95565,418,366
2021-10-12,95567,850,736
2021-10-12,95568,90,44
2021-10-12,95569,106,88
2021-10-12,95570,1776,1627
2021-10-12,95571,130,119
2021-10-12,95573,1022,937
2021-10-12,95585,221,204
2021-10-12,95589,718,643
2021-10-12,95601,221,185
2021-10-12,95602,10525,9613
2021-10-12,95603,16641,15161
2021-10-12,95605,7795,6949
2021-10-12,95606,177,145
2021-10-12,95607,175,159
2021-10-12,95608,39485,36111
2021-10-12,95610,23951,21788
2021-10-12,95612,885,791
2021-10-12,95614,2179,2039
2021-10-12,95615,605,559
2021-10-12,95616,33939,31470
2021-10-12,95618,20840,19373
2021-10-12,95619,2768,2533
2021-10-12,95620,14021,12069
2021-10-12,95621,22927,21012
2021-10-12,95623,2361,2176
2021-10-12,95624,46019,42921
2021-10-12,95625,185,164
2021-10-12,95626,2832,2598
2021-10-12,95627,2332,1948
2021-10-12,95628,27862,25841
2021-10-12,95629,532,467
2021-10-12,95630,52983,49007
2021-10-12,95631,2843,2585
2021-10-12,95632,17893,16051
2021-10-12,95633,1585,1450
2021-10-12,95634,1394,1252
2021-10-12,95635,617,571
2021-10-12,95636,455,419
2021-10-12,95637,224,200
2021-10-12,95638,1201,1105
2021-10-12,95639,177,164
2021-10-12,95640,4824,4196
2021-10-12,95641,1243,1083
2021-10-12,95642,4788,4018
2021-10-12,95645,987,805
2021-10-12,95648,33862,31378
2021-10-12,95650,7671,7119
2021-10-12,95651,541,471
2021-10-12,95653,407,346
2021-10-12,95655,2544,2349
2021-10-12,95658,3803,3529
2021-10-12,95659,362,330
2021-10-12,95660,15314,13524
2021-10-12,95661,20869,19347
2021-10-12,95662,18663,17222
2021-10-12,95663,1698,1586
2021-10-12,95664,763,705
2021-10-12,95665,2526,2187
2021-10-12,95666,3197,2726
2021-10-12,95667,20888,18994
2021-10-12,95668,361,314
2021-10-12,95669,1714,1479
2021-10-12,95670,32737,29847
2021-10-12,95672,2779,2558
2021-10-12,95673,7481,6718
2021-10-12,95674,436,398
2021-10-12,95675,173,149
2021-10-12,95677,16632,15465
2021-10-12,95678,26066,24031
2021-10-12,95679,75,64
2021-10-12,95681,610,551
2021-10-12,95682,17835,16528
2021-10-12,95683,4662,4388
2021-10-12,95684,1457,1290
2021-10-12,95685,2995,2542
2021-10-12,95686,589,515
2021-10-12,95687,36721,32393
2021-10-12,95688,23838,20635
2021-10-12,95689,853,734
2021-10-12,95690,1481,1285
2021-10-12,95691,25079,22903
2021-10-12,95692,2156,1944
2021-10-12,95693,4216,3926
2021-10-12,95694,6324,5196
2021-10-12,95695,25925,23225
2021-10-12,95697,367,320
2021-10-12,95698,153,138
2021-10-12,95699,83,67
2021-10-12,95701,394,353
2021-10-12,95703,1019,935
2021-10-12,95709,2493,2214
2021-10-12,95713,3974,3621
2021-10-12,95714,202,182
2021-10-12,95717,120,107
2021-10-12,95722,2993,2769
2021-10-12,95726,4409,3972
2021-10-12,95728,342,307
2021-10-12,95742,10806,10067
2021-10-12,95746,15694,14648
2021-10-12,95747,49591,46189
2021-10-12,95757,38545,36226
2021-10-12,95758,44947,42124
2021-10-12,95762,33363,31071
2021-10-12,95765,26978,25079
2021-10-12,95776,19462,17571
2021-10-12,95811,6123,5586
2021-10-12,95814,6681,6087
2021-10-12,95815,13545,11821
2021-10-12,95816,14448,13418
2021-10-12,95817,9245,8513
2021-10-12,95818,16231,15151
2021-10-12,95819,13520,12547
2021-10-12,95820,21904,19878
2021-10-12,95821,21675,19594
2021-10-12,95822,29269,26534
2021-10-12,95823,47843,42894
2021-10-12,95824,18154,16023
2021-10-12,95825,20519,18455
2021-10-12,95826,23634,21784
2021-10-12,95827,11713,10703
2021-10-12,95828,40321,36814
2021-10-12,95829,22647,21144
2021-10-12,95830,564,530
2021-10-12,95831,31141,29191
2021-10-12,95832,8204,6824
2021-10-12,95833,24424,22098
2021-10-12,95834,22979,20776
2021-10-12,95835,28352,25992
2021-10-12,95838,22171,19361
2021-10-12,95841,10194,9238
2021-10-12,95842,15575,14026
2021-10-12,95843,24329,22284
2021-10-12,95864,18209,16383
2021-10-12,95901,15772,13947
2021-10-12,95903,539,444
2021-10-12,95912,2874,2578
2021-10-12,95914,357,334
2021-10-12,95916,361,326
2021-10-12,95917,1436,1250
2021-10-12,95918,1112,1004
2021-10-12,95919,522,476
2021-10-12,95920,119,108
2021-10-12,95922,295,256
2021-10-12,95925,95,83
2021-10-12,95926,22014,19903
2021-10-12,95928,21728,19679
2021-10-12,95932,4346,3883
2021-10-12,95934,109,95
2021-10-12,95935,332,307
2021-10-12,95937,909,812
2021-10-12,95938,2273,2059
2021-10-12,95942,860,783
2021-10-12,95943,374,343
2021-10-12,95945,14962,13163
2021-10-12,95946,5908,5384
2021-10-12,95947,731,654
2021-10-12,95948,6178,5370
2021-10-12,95949,10963,9947
2021-10-12,95950,296,264
2021-10-12,95951,1474,1355
2021-10-12,95953,6153,5452
2021-10-12,95954,3991,3600
2021-10-12,95955,657,571
2021-10-12,95956,211,192
2021-10-12,95957,350,311
2021-10-12,95959,11544,10442
2021-10-12,95960,595,533
2021-10-12,95961,13744,12235
2021-10-12,95962,853,787
2021-10-12,95963,7895,7228
2021-10-12,95965,8711,7739
2021-10-12,95966,13652,12258
2021-10-12,95968,786,700
2021-10-12,95969,4674,4248
2021-10-12,95970,249,233
2021-10-12,95971,3247,2981
2021-10-12,95973,22026,19994
2021-10-12,95974,139,120
2021-10-12,95975,892,798
2021-10-12,95977,689,619
2021-10-12,95979,212,195
2021-10-12,95982,1382,1243
2021-10-12,95983,199,174
2021-10-12,95987,3497,3101
2021-10-12,95988,4242,3868
2021-10-12,95991,22367,19710
2021-10-12,95993,23189,20941
2021-10-12,96001,17010,14465
2021-10-12,96002,15337,13181
2021-10-12,96003,19714,17037
2021-10-12,96006,177,152
2021-10-12,96007,9684,8332
2021-10-12,96009,195,158
2021-10-12,96010,71,60
2021-10-12,96011,84,73
2021-10-12,96013,1840,1569
2021-10-12,96016,200,170
2021-10-12,96019,4188,3651
2021-10-12,96020,1253,1123
2021-10-12,96021,6675,5898
2021-10-12,96022,6161,5376
2021-10-12,96023,293,242
2021-10-12,96024,408,361
2021-10-12,96025,1094,982
2021-10-12,96027,948,846
2021-10-12,96028,767,634
2021-10-12,96031,53,42
2021-10-12,96032,945,852
2021-10-12,96033,169,143
2021-10-12,96035,1207,1063
2021-10-12,96037,175,164
2021-10-12,96038,273,236
2021-10-12,96039,380,228
2021-10-12,96041,1184,1004
2021-10-12,96044,367,310
2021-10-12,96046,83,72
2021-10-12,96047,333,293
2021-10-12,96048,364,314
2021-10-12,96049,525,444
2021-10-12,96050,158,140
2021-10-12,96051,565,500
2021-10-12,96052,675,583
2021-10-12,96054,100,85
2021-10-12,96055,1688,1523
2021-10-12,96056,718,590
2021-10-12,96057,665,580
2021-10-12,96058,346,307
2021-10-12,96059,237,210
2021-10-12,96062,412,362
2021-10-12,96064,1736,1514
2021-10-12,96065,231,210
2021-10-12,96067,4355,3963
2021-10-12,96069,352,307
2021-10-12,96073,2277,1980
2021-10-12,96080,12493,11207
2021-10-12,96084,238,207
2021-10-12,96086,108,72
2021-10-12,96087,381,320
2021-10-12,96088,2156,1926
2021-10-12,96090,192,172
2021-10-12,96091,306,265
2021-10-12,96092,217,195
2021-10-12,96093,2046,1803
2021-10-12,96094,3461,3070
2021-10-12,96096,288,244
2021-10-12,96097,4331,3747
2021-10-12,96101,2251,2104
2021-10-12,96103,1008,944
2021-10-12,96104,316,292
2021-10-12,96105,104,93
2021-10-12,96106,334,317
2021-10-12,96107,341,314
2021-10-12,96109,162,142
2021-10-12,96113,153,124
2021-10-12,96114,910,806
2021-10-12,96118,703,655
2021-10-12,96120,471,429
2021-10-12,96121,135,122
2021-10-12,96122,1949,1800
2021-10-12,96128,136,119
2021-10-12,96129,91,78
2021-10-12,96130,5305,4654
2021-10-12,96134,815,693
2021-10-12,96137,1283,1173
2021-10-12,96140,814,716
2021-10-12,96142,483,427
2021-10-12,96143,2249,1935
2021-10-12,96145,2601,2325
2021-10-12,96146,1021,906
2021-10-12,96148,707,617
2021-10-12,96150,13812,11690
2021-10-12,96161,11356,9909
