date,cases,deaths,new_cases,new_deaths
2020-02-01,24,0,0.0,0.0
2020-02-02,33,0,0.0,0.0
2020-02-03,40,0,0.0,0.0
2020-02-04,40,0,0.0,0.0
2020-02-05,43,0,0.0,0.0
2020-02-06,50,0,0.0,0.0
2020-02-07,82,0,0.0,0.0
2020-02-08,89,0,65.0,0.0
2020-02-09,96,0,63.0,0.0
2020-02-10,102,0,62.0,0.0
2020-02-11,106,0,66.0,0.0
2020-02-12,109,0,66.0,0.0
2020-02-13,111,0,61.0,0.0
2020-02-14,120,0,38.0,0.0
2020-02-15,134,0,45.0,0.0
2020-02-16,141,0,45.0,0.0
2020-02-17,155,0,53.0,0.0
2020-02-18,165,0,59.0,0.0
2020-02-19,177,0,68.0,0.0
2020-02-20,198,0,87.0,0.0
2020-02-21,218,0,98.0,0.0
2020-02-22,235,0,101.0,0.0
2020-02-23,254,0,113.0,0.0
2020-02-24,293,0,138.0,0.0
2020-02-25,317,0,152.0,0.0
2020-02-26,356,0,179.0,0.0
2020-02-27,382,0,184.0,0.0
2020-02-28,431,0,213.0,0.0
2020-02-29,472,0,237.0,0.0
2020-03-01,571,0,317.0,0.0
2020-03-02,648,0,355.0,0.0
2020-03-03,733,0,416.0,0.0
2020-03-04,828,1,472.0,1.0
2020-03-05,938,1,556.0,1.0
2020-03-06,1096,1,665.0,1.0
2020-03-07,1260,1,788.0,1.0
2020-03-08,1440,1,869.0,1.0
2020-03-09,1770,2,1122.0,2.0
2020-03-10,2125,3,1392.0,3.0
2020-03-11,2551,3,1723.0,2.0
2020-03-12,3056,4,2118.0,3.0
2020-03-13,3635,3,2539.0,2.0
2020-03-14,4145,4,2885.0,3.0
2020-03-15,4744,5,3304.0,4.0
2020-03-16,5617,5,3847.0,3.0
2020-03-17,6451,7,4326.0,4.0
2020-03-18,7224,15,4673.0,12.0
2020-03-19,8002,18,4946.0,14.0
2020-03-20,8964,24,5329.0,21.0
2020-03-21,9654,26,5509.0,22.0
2020-03-22,10412,34,5668.0,29.0
2020-03-23,11444,37,5827.0,32.0
2020-03-24,12289,48,5838.0,41.0
2020-03-25,13344,63,6120.0,48.0
2020-03-26,14312,77,6310.0,59.0
2020-03-27,15311,100,6347.0,76.0
2020-03-28,16249,233,6595.0,207.0
2020-03-29,17073,134,6661.0,100.0
2020-03-30,18450,149,7006.0,112.0
2020-03-31,19707,170,7418.0,122.0
2020-04-01,21216,202,7872.0,139.0
2020-04-02,22589,236,8277.0,159.0
2020-04-03,24107,275,8796.0,175.0
2020-04-04,25232,318,8983.0,85.0
2020-04-05,26377,342,9304.0,208.0
2020-04-06,27740,372,9290.0,223.0
2020-04-07,29161,441,9454.0,271.0
2020-04-08,30631,490,9415.0,288.0
2020-04-09,32035,539,9446.0,303.0
2020-04-10,33506,581,9399.0,306.0
2020-04-11,34555,620,9323.0,302.0
2020-04-12,35550,658,9173.0,316.0
2020-04-13,37067,692,9327.0,320.0
2020-04-14,38559,788,9398.0,347.0
2020-04-15,40224,870,9593.0,380.0
2020-04-16,41897,950,9862.0,411.0
2020-04-17,43500,1024,9994.0,443.0
2020-04-18,44710,1117,10155.0,497.0
2020-04-19,45787,1147,10237.0,489.0
2020-04-20,47696,1188,10629.0,496.0
2020-04-21,49370,1293,10811.0,505.0
2020-04-22,51132,1396,10908.0,526.0
2020-04-23,52975,1489,11078.0,539.0
2020-04-24,54982,1573,11482.0,549.0
2020-04-25,56600,1647,11890.0,530.0
2020-04-26,57866,1676,12079.0,529.0
2020-04-27,60116,1721,12420.0,533.0
2020-04-28,62215,1809,12845.0,516.0
2020-04-29,64252,1890,13120.0,494.0
2020-04-30,66192,1988,13217.0,499.0
2020-05-01,68423,2083,13441.0,510.0
2020-05-02,69810,2138,13210.0,491.0
2020-05-03,70959,2178,13093.0,502.0
2020-05-04,73388,2221,13272.0,500.0
2020-05-05,75985,2325,13770.0,516.0
2020-05-06,78335,2412,14083.0,522.0
2020-05-07,80480,2493,14288.0,505.0
2020-05-08,82744,2576,14321.0,493.0
2020-05-09,84326,2657,14516.0,519.0
2020-05-10,85651,2691,14692.0,513.0
2020-05-11,88090,2752,14702.0,531.0
2020-05-12,90560,2656,14575.0,331.0
2020-05-13,92864,2926,14529.0,514.0
2020-05-14,95517,3029,15037.0,536.0
2020-05-15,98035,3119,15291.0,543.0
2020-05-16,99764,3180,15438.0,523.0
2020-05-17,101095,3216,15444.0,525.0
2020-05-18,103894,3250,15804.0,498.0
2020-05-19,106304,3374,15744.0,718.0
2020-05-20,109028,3451,16164.0,525.0
2020-05-21,111474,3544,15957.0,515.0
2020-05-22,113995,3589,15960.0,470.0
2020-05-23,115738,3646,15974.0,466.0
2020-05-24,117139,3666,16044.0,450.0
2020-05-25,119368,3679,15474.0,429.0
2020-05-26,122965,3707,16661.0,333.0
2020-05-27,126487,3816,17459.0,365.0
2020-05-28,129667,3904,18193.0,360.0
2020-05-29,133454,3985,19459.0,396.0
2020-05-30,135674,4043,19936.0,397.0
2020-05-31,137261,4080,20122.0,414.0
2020-06-01,140928,4127,21560.0,448.0
2020-06-02,144824,4231,21859.0,524.0
2020-06-03,148235,4298,21748.0,482.0
2020-06-04,151832,4368,22165.0,464.0
2020-06-05,155537,4435,22083.0,450.0
2020-06-06,158234,4501,22560.0,458.0
2020-06-07,160257,4528,22996.0,448.0
2020-06-08,164454,4559,23526.0,432.0
2020-06-09,168449,4663,23625.0,432.0
2020-06-10,172702,4769,24467.0,471.0
2020-06-11,176772,4832,24940.0,464.0
2020-06-12,181245,4879,25708.0,444.0
2020-06-13,184892,4961,26658.0,460.0
2020-06-14,187889,4980,27632.0,452.0
2020-06-15,194319,5002,29865.0,443.0
2020-06-16,200784,5064,32335.0,401.0
2020-06-17,207534,5142,34832.0,373.0
2020-06-18,214293,5250,37521.0,418.0
2020-06-19,221211,5318,39966.0,439.0
2020-06-20,226558,5402,41666.0,441.0
2020-06-21,230902,5425,43013.0,445.0
2020-06-22,240294,5445,45975.0,443.0
2020-06-23,249994,5499,49210.0,435.0
2020-06-24,259849,5603,52315.0,461.0
2020-06-25,269272,5717,54979.0,467.0
2020-06-26,278381,5786,57170.0,468.0
2020-06-27,284652,5811,58094.0,409.0
2020-06-28,290125,5850,59223.0,425.0
2020-06-29,300635,5877,60341.0,432.0
2020-06-30,311158,5978,61164.0,479.0
2020-07-01,322394,6059,62545.0,456.0
2020-07-02,333026,6184,63754.0,467.0
2020-07-03,341011,6247,62630.0,461.0
2020-07-04,346401,6265,61749.0,454.0
2020-07-05,352635,6301,62510.0,451.0
2020-07-06,364406,6362,63771.0,485.0
2020-07-07,376937,6475,65779.0,497.0
2020-07-08,389123,6621,66729.0,562.0
2020-07-09,400286,6787,67260.0,603.0
2020-07-10,411715,6892,70704.0,645.0
2020-07-11,419287,6989,72886.0,724.0
2020-07-12,425179,7014,72544.0,713.0
2020-07-13,436833,7039,72427.0,677.0
2020-07-14,448401,7164,71464.0,689.0
2020-07-15,460003,7283,70880.0,662.0
2020-07-16,471073,7409,70787.0,622.0
2020-07-17,481757,7530,70042.0,638.0
2020-07-18,489087,7620,69800.0,631.0
2020-07-19,494570,7651,69391.0,637.0
2020-07-20,505632,7677,68799.0,638.0
2020-07-21,515738,7793,67337.0,629.0
2020-07-22,525105,7949,65102.0,666.0
2020-07-23,533605,8096,62532.0,687.0
2020-07-24,541884,8241,60127.0,711.0
2020-07-25,547681,8382,58594.0,762.0
2020-07-26,551831,8412,57261.0,761.0
2020-07-27,560917,8436,55285.0,759.0
2020-07-28,569709,8516,53971.0,723.0
2020-07-29,577521,8751,52416.0,802.0
2020-07-30,584756,8939,51151.0,843.0
2020-07-31,591972,9095,50088.0,854.0
2020-08-01,597364,9252,49683.0,870.0
2020-08-02,600936,9326,49105.0,914.0
2020-08-03,608487,9349,47570.0,913.0
2020-08-04,615709,9520,46000.0,1004.0
2020-08-05,622399,9660,44878.0,909.0
2020-08-06,628654,9807,43898.0,868.0
2020-08-07,635097,9982,43125.0,887.0
2020-08-08,639389,10173,42025.0,921.0
2020-08-09,642570,10247,41634.0,921.0
2020-08-10,649653,10272,41166.0,923.0
2020-08-11,655857,10491,40148.0,971.0
2020-08-12,661815,10666,39416.0,1006.0
2020-08-13,666969,10831,38315.0,1024.0
2020-08-14,672170,10994,37073.0,1012.0
2020-08-15,675828,11104,36439.0,931.0
2020-08-16,678510,11114,35940.0,867.0
2020-08-17,684283,11145,34630.0,873.0
2020-08-18,689545,11301,33688.0,810.0
2020-08-19,694221,11466,32406.0,800.0
2020-08-20,698896,11590,31927.0,759.0
2020-08-21,703294,11741,31124.0,747.0
2020-08-22,706412,11945,30584.0,841.0
2020-08-23,708979,11955,30469.0,841.0
2020-08-24,714435,12003,30152.0,858.0
2020-08-25,719349,12158,29804.0,857.0
2020-08-26,723951,12296,29730.0,830.0
2020-08-27,727935,12461,29039.0,871.0
2020-08-28,731875,12569,28581.0,828.0
2020-08-29,734504,12745,28092.0,800.0
2020-08-30,736758,12757,27779.0,802.0
2020-08-31,741105,12795,26670.0,792.0
2020-09-01,745695,12953,26346.0,795.0
2020-09-02,749741,13120,25790.0,824.0
2020-09-03,753415,13292,25480.0,831.0
2020-09-04,756869,13469,24994.0,900.0
2020-09-05,759128,13592,24624.0,847.0
2020-09-06,761109,13596,24351.0,839.0
2020-09-07,763446,13647,22341.0,852.0
2020-09-08,767701,13727,22006.0,774.0
2020-09-09,771311,13847,21570.0,727.0
2020-09-10,774540,13963,21125.0,671.0
2020-09-11,777916,14082,21047.0,613.0
2020-09-12,780253,14210,21125.0,618.0
2020-09-13,782292,14211,21183.0,615.0
2020-09-14,786467,14260,23021.0,613.0
2020-09-15,790227,14411,22526.0,684.0
2020-09-16,794031,14517,22720.0,670.0
2020-09-17,797335,14627,22795.0,664.0
2020-09-18,800798,14762,22882.0,680.0
2020-09-19,803277,14848,23024.0,638.0
2020-09-20,805448,14873,23156.0,662.0
2020-09-21,809558,14900,23091.0,640.0
2020-09-22,813268,15038,23041.0,627.0
2020-09-23,817042,15154,23011.0,637.0
2020-09-24,820394,15256,23059.0,629.0
2020-09-25,823887,15361,23089.0,599.0
2020-09-26,826246,15432,22969.0,584.0
2020-09-27,828317,15451,22869.0,578.0
2020-09-28,832383,15462,22825.0,562.0
2020-09-29,836183,15657,22915.0,619.0
2020-09-30,839900,15757,22858.0,603.0
2020-10-01,843619,15918,23225.0,662.0
2020-10-02,846966,15932,23079.0,571.0
2020-10-03,849638,15999,23392.0,567.0
2020-10-04,851862,16020,23545.0,569.0
2020-10-05,856165,16046,23782.0,584.0
2020-10-06,859896,16131,23713.0,474.0
2020-10-07,863623,16225,23723.0,468.0
2020-10-08,867395,16298,23776.0,380.0
2020-10-09,870951,16380,23985.0,448.0
2020-10-10,873961,16460,24323.0,461.0
2020-10-11,876186,16470,24324.0,450.0
2020-10-12,880527,16480,24362.0,434.0
2020-10-13,884379,16522,24483.0,391.0
2020-10-14,888199,16621,24576.0,396.0
2020-10-15,892110,16712,24715.0,414.0
2020-10-16,895925,16790,24974.0,410.0
2020-10-17,898878,16883,24917.0,423.0
2020-10-18,901427,16894,25241.0,424.0
2020-10-19,906455,16908,25928.0,428.0
2020-10-20,911115,16987,26736.0,465.0
2020-10-21,915534,17123,27335.0,502.0
2020-10-22,919697,17185,27587.0,473.0
2020-10-23,924254,17231,28329.0,441.0
2020-10-24,927505,17285,28627.0,402.0
2020-10-25,930414,17298,28987.0,404.0
2020-10-26,935893,17313,29438.0,405.0
2020-10-27,940733,17429,29618.0,442.0
2020-10-28,945648,17502,30114.0,379.0
2020-10-29,950520,17547,30823.0,362.0
2020-10-30,956058,17605,31804.0,374.0
2020-10-31,960519,17662,33014.0,377.0
2020-11-01,965494,17683,35080.0,385.0
2020-11-02,973958,17692,38065.0,379.0
2020-11-03,982221,17771,41488.0,342.0
2020-11-04,990684,17833,45036.0,331.0
2020-11-05,998842,17898,48322.0,351.0
2020-11-06,1007375,17944,51317.0,339.0
2020-11-07,1013798,18022,53279.0,360.0
2020-11-08,1019318,18019,53824.0,336.0
2020-11-09,1030433,18027,56475.0,335.0
2020-11-10,1041357,18094,59136.0,323.0
2020-11-11,1051989,18137,61305.0,304.0
2020-11-12,1063564,18163,64722.0,265.0
2020-11-13,1076027,18237,68652.0,293.0
2020-11-14,1085927,18302,72129.0,280.0
2020-11-15,1095060,18323,75742.0,304.0
2020-11-16,1112712,18343,82279.0,316.0
2020-11-17,1129838,18395,88481.0,301.0
2020-11-18,1147072,18502,95083.0,365.0
2020-11-19,1163769,18593,100205.0,430.0
2020-11-20,1181211,18681,105184.0,444.0
2020-11-21,1193529,18754,107602.0,452.0
2020-11-22,1203767,18796,108707.0,473.0
2020-11-23,1224863,18817,112151.0,474.0
2020-11-24,1245500,18930,115662.0,535.0
2020-11-25,1266275,19031,119203.0,529.0
2020-11-26,1275503,19109,111734.0,516.0
2020-11-27,1293617,19154,112406.0,473.0
2020-11-28,1311784,19189,118255.0,435.0
2020-11-29,1327873,19220,124106.0,424.0
2020-11-30,1360544,19249,135681.0,432.0
2020-12-01,1395012,19368,149512.0,438.0
2020-12-02,1428594,19481,162319.0,450.0
2020-12-03,1460575,19682,185072.0,573.0
2020-12-04,1492561,19808,198944.0,654.0
2020-12-05,1517012,19930,205228.0,741.0
2020-12-06,1535422,20028,207549.0,808.0
2020-12-07,1576586,20087,216042.0,838.0
2020-12-08,1618046,20255,223034.0,887.0
2020-12-09,1659821,20458,231227.0,977.0
2020-12-10,1700715,20643,240140.0,961.0
2020-12-11,1740858,20812,248297.0,1004.0
2020-12-12,1771656,20995,254644.0,1065.0
2020-12-13,1792698,21088,257276.0,1060.0
2020-12-14,1842237,21178,265651.0,1091.0
2020-12-15,1890844,21410,272798.0,1155.0
2020-12-16,1936834,21817,277013.0,1359.0
2020-12-17,1981527,22080,280812.0,1437.0
2020-12-18,2023312,22346,282454.0,1534.0
2020-12-19,2053153,22571,281497.0,1576.0
2020-12-20,2074103,22715,281405.0,1627.0
2020-12-21,2122607,22826,280370.0,1648.0
2020-12-22,2171677,23097,280833.0,1687.0
2020-12-23,2216997,23384,280163.0,1567.0
2020-12-24,2243857,23724,262330.0,1644.0
2020-12-25,2257071,23902,233759.0,1556.0
2020-12-26,2291804,24121,238651.0,1550.0
2020-12-27,2318203,24195,244100.0,1480.0
2020-12-28,2376189,24311,253582.0,1485.0
2020-12-29,2434824,24738,263147.0,1641.0
2020-12-30,2488897,25374,271900.0,1990.0
2020-12-31,2524634,25802,280777.0,2078.0
2021-01-01,2544209,26236,287138.0,2334.0
2021-01-02,2581732,26494,289928.0,2373.0
2021-01-03,2608906,26480,290703.0,2285.0
2021-01-04,2669432,26807,293243.0,2496.0
2021-01-05,2724265,27222,289441.0,2484.0
2021-01-06,2774738,27811,285841.0,2437.0
2021-01-07,2819873,28366,295239.0,2564.0
2021-01-08,2860997,28996,316788.0,2760.0
2021-01-09,2889595,29496,307863.0,3002.0
2021-01-10,2908681,29911,299775.0,3431.0
2021-01-11,2950786,30105,281354.0,3298.0
2021-01-12,2989346,30685,265081.0,3463.0
2021-01-13,3023916,31222,249178.0,3411.0
2021-01-14,3055773,31647,235900.0,3281.0
2021-01-15,3084778,32250,223781.0,3254.0
2021-01-16,3104698,32813,215103.0,3317.0
2021-01-17,3118244,33139,209563.0,3228.0
2021-01-18,3141817,33364,191031.0,3259.0
2021-01-19,3169319,33690,179973.0,3005.0
2021-01-20,3194596,34345,170680.0,3123.0
2021-01-21,3216723,35029,160950.0,3382.0
2021-01-22,3236519,35544,151741.0,3294.0
2021-01-23,3249971,36208,145273.0,3395.0
2021-01-24,3260314,36448,142070.0,3309.0
2021-01-25,3280484,36660,138667.0,3296.0
2021-01-26,3298358,37326,129039.0,3636.0
2021-01-27,3314106,38070,119510.0,3725.0
2021-01-28,3328675,38667,111952.0,3638.0
2021-01-29,3341466,39323,104947.0,3779.0
2021-01-30,3351552,39913,101581.0,3705.0
2021-01-31,3359540,40263,99226.0,3815.0
2021-02-01,3374855,40457,94371.0,3797.0
2021-02-02,3387483,41018,89125.0,3692.0
2021-02-03,3399021,41634,84915.0,3564.0
2021-02-04,3409174,42413,80499.0,3746.0
2021-02-05,3418630,43018,77164.0,3695.0
2021-02-06,3425299,43456,73747.0,3543.0
2021-02-07,3430448,43735,70908.0,3472.0
2021-02-08,3439894,43905,65039.0,3448.0
2021-02-09,3447632,44425,60149.0,3407.0
2021-02-10,3455133,44990,56112.0,3356.0
2021-02-11,3461730,45520,52556.0,3107.0
2021-02-12,3467921,45986,49291.0,2968.0
2021-02-13,3472360,46457,47061.0,3001.0
2021-02-14,3475888,46719,45440.0,2984.0
2021-02-15,3481137,46795,41243.0,2890.0
2021-02-16,3486771,47086,39139.0,2661.0
2021-02-17,3491844,47537,36711.0,2547.0
2021-02-18,3496241,47973,34511.0,2453.0
2021-02-19,3500428,48414,32507.0,2428.0
2021-02-20,3503529,48807,31169.0,2350.0
2021-02-21,3506153,49039,30265.0,2320.0
2021-02-22,3510775,49129,29638.0,2334.0
2021-02-23,3514809,49470,28038.0,2384.0
2021-02-24,3518682,50648,26838.0,3111.0
2021-02-25,3522133,51121,25892.0,3148.0
2021-02-26,3525489,51505,25061.0,3091.0
2021-02-27,3528011,51794,24482.0,2987.0
2021-02-28,3530190,52032,24037.0,2993.0
2021-03-01,3533943,52129,23168.0,3000.0
2021-03-02,3537208,52429,22399.0,2959.0
2021-03-03,3540407,52823,21725.0,2175.0
2021-03-04,3543345,53194,21212.0,2073.0
2021-03-05,3546284,53464,20795.0,1959.0
2021-03-06,3548481,53722,20470.0,1928.0
2021-03-07,3550426,53828,20236.0,1796.0
2021-03-08,3553757,53878,19814.0,1749.0
2021-03-09,3556588,54320,19380.0,1891.0
2021-03-10,3559349,54590,18942.0,1767.0
2021-03-11,3561941,54878,18596.0,1684.0
2021-03-12,3564439,55095,18155.0,1631.0
2021-03-13,3566341,55235,17860.0,1513.0
2021-03-14,3567944,55330,17518.0,1502.0
2021-03-15,3570816,55372,17059.0,1494.0
2021-03-16,3573324,55577,16736.0,1257.0
2021-03-17,3575963,55795,16614.0,1205.0
2021-03-18,3578179,56027,16238.0,1149.0
2021-03-19,3580353,56072,15914.0,977.0
2021-03-20,3582064,56118,15723.0,883.0
2021-03-21,3583668,56545,15724.0,1215.0
2021-03-22,3586373,56596,15557.0,1224.0
2021-03-23,3588879,56850,15555.0,1273.0
2021-03-24,3591552,57091,15589.0,1296.0
2021-03-25,3593834,57336,15655.0,1309.0
2021-03-26,3596098,57551,15745.0,1479.0
2021-03-27,3597765,57746,15701.0,1628.0
2021-03-28,3599368,57778,15700.0,1233.0
2021-03-29,3602076,57788,15703.0,1192.0
2021-03-30,3604506,57936,15627.0,1086.0
2021-03-31,3606891,58090,15339.0,999.0
2021-04-01,3609226,58269,15392.0,933.0
2021-04-02,3611463,58404,15365.0,853.0
2021-04-03,3613168,58513,15403.0,767.0
2021-04-04,3614716,58534,15348.0,756.0
2021-04-05,3617591,58541,15515.0,753.0
2021-04-06,3620138,58659,15632.0,723.0
2021-04-07,3622757,58788,15866.0,698.0
2021-04-08,3625028,58942,15802.0,673.0
2021-04-09,3627300,59113,15837.0,709.0
2021-04-10,3629117,59218,15949.0,705.0
2021-04-11,3630682,59249,15966.0,715.0
2021-04-12,3633396,59258,15805.0,717.0
2021-04-13,3635812,59372,15674.0,713.0
2021-04-14,3638203,59508,15446.0,720.0
2021-04-15,3640313,59587,15285.0,645.0
2021-04-16,3642358,59690,15058.0,577.0
2021-04-17,3643910,59768,14793.0,550.0
2021-04-18,3645334,59772,14652.0,523.0
2021-04-19,3647769,59804,14373.0,546.0
2021-04-20,3649896,59890,14084.0,518.0
2021-04-21,3651889,59992,13686.0,484.0
2021-04-22,3653728,60086,13415.0,499.0
2021-04-23,3655548,60135,13190.0,445.0
2021-04-24,3656913,60188,13003.0,420.0
2021-04-25,3658127,60203,12793.0,431.0
2021-04-26,3660229,60208,12460.0,404.0
2021-04-27,3662103,60273,12207.0,383.0
2021-04-28,3663924,60362,12035.0,370.0
2021-04-29,3665583,60467,11855.0,381.0
2021-04-30,3667228,60625,11680.0,490.0
2021-05-01,3668505,60748,11592.0,560.0
2021-05-02,3669606,60763,11479.0,560.0
2021-05-03,3671570,60765,11341.0,557.0
2021-05-04,3673166,60862,11063.0,589.0
2021-05-05,3674865,60927,10941.0,565.0
2021-05-06,3676395,61027,10812.0,560.0
2021-05-07,3677836,61167,10608.0,542.0
2021-05-08,3678885,61228,10380.0,480.0
2021-05-09,3679822,61241,10216.0,478.0
2021-05-10,3681457,61246,9887.0,481.0
2021-05-11,3682924,61305,9758.0,443.0
2021-05-12,3684276,61351,9411.0,424.0
2021-05-13,3685468,61417,9073.0,390.0
2021-05-14,3686642,61444,8806.0,277.0
2021-05-15,3687540,61499,8655.0,271.0
2021-05-16,3688352,61510,8530.0,269.0
2021-05-17,3689684,61513,8227.0,267.0
2021-05-18,3690910,61555,7986.0,250.0
2021-05-19,3692100,61603,7824.0,252.0
2021-05-20,3693092,61672,7624.0,255.0
2021-05-21,3694036,61722,7394.0,278.0
2021-05-22,3694737,61755,7197.0,256.0
2021-05-23,3695398,61762,7046.0,252.0
2021-05-24,3696603,61770,6919.0,257.0
2021-05-25,3697649,61824,6739.0,269.0
2021-05-26,3698624,61855,6524.0,252.0
2021-05-27,3699543,62025,6451.0,353.0
2021-05-28,3700400,61999,6364.0,277.0
2021-05-29,3701001,62006,6264.0,251.0
2021-05-30,3701586,62011,6188.0,249.0
2021-05-31,3702177,62021,5574.0,251.0
2021-06-01,3703388,62044,5739.0,220.0
2021-06-02,3704429,62092,5805.0,237.0
2021-06-03,3705425,62179,5882.0,154.0
2021-06-04,3706279,62242,5879.0,243.0
2021-06-05,3706922,62470,5921.0,464.0
2021-06-06,3707529,62473,5943.0,462.0
2021-06-07,3708568,62479,6391.0,458.0
2021-06-08,3709617,62499,6229.0,455.0
2021-06-09,3710544,62538,6115.0,446.0
2021-06-10,3711416,62593,5991.0,414.0
2021-06-11,3712268,62508,5989.0,266.0
2021-06-12,3712941,62512,6019.0,42.0
2021-06-13,3713644,62505,6115.0,32.0
2021-06-14,3714795,62515,6227.0,36.0
2021-06-15,3715834,62534,6217.0,35.0
2021-06-16,3716907,62565,6363.0,27.0
2021-06-17,3717932,62622,6516.0,29.0
2021-06-18,3718860,62654,6592.0,146.0
2021-06-19,3719603,62689,6662.0,177.0
2021-06-20,3720402,62693,6758.0,188.0
2021-06-21,3721795,62701,7000.0,186.0
2021-06-22,3723104,62741,7270.0,207.0
2021-06-23,3724333,62822,7426.0,257.0
2021-06-24,3725728,62890,7796.0,268.0
2021-06-25,3727031,62945,8171.0,291.0
2021-06-26,3728102,62990,8499.0,301.0
2021-06-27,3729274,62994,8872.0,301.0
2021-06-28,3731198,62999,9403.0,298.0
2021-06-29,3733081,63023,9977.0,282.0
2021-06-30,3735098,63096,10765.0,274.0
2021-07-01,3737253,63141,11525.0,251.0
2021-07-02,3739263,63141,12232.0,196.0
2021-07-03,3740942,63141,12840.0,151.0
2021-07-04,3742498,63141,13224.0,147.0
2021-07-05,3745279,63238,14081.0,239.0
2021-07-06,3748881,63259,15800.0,236.0
2021-07-07,3752637,63317,17539.0,221.0
2021-07-08,3756207,63376,18954.0,235.0
2021-07-09,3759807,63376,20544.0,235.0
2021-07-10,3762936,63376,21994.0,235.0
2021-07-11,3766061,63472,23563.0,331.0
2021-07-12,3771423,63478,26144.0,240.0
2021-07-13,3776807,63508,27926.0,249.0
2021-07-14,3782368,63533,29731.0,216.0
2021-07-15,3788223,63598,32016.0,222.0
2021-07-16,3794182,63598,34375.0,222.0
2021-07-17,3798854,63598,35918.0,222.0
2021-07-18,3803648,63649,37587.0,177.0
2021-07-19,3812045,63653,40622.0,175.0
2021-07-20,3820392,63664,43585.0,156.0
2021-07-21,3829171,63695,46803.0,162.0
2021-07-22,3837492,63741,49269.0,143.0
2021-07-23,3845613,63741,51431.0,143.0
2021-07-24,3852369,63741,53515.0,143.0
2021-07-25,3858796,63806,55148.0,157.0
2021-07-26,3870526,63811,58481.0,158.0
2021-07-27,3881767,63849,61375.0,185.0
2021-07-28,3893570,63891,64399.0,196.0
2021-07-29,3905281,63935,67789.0,194.0
2021-07-30,3916361,63935,70748.0,194.0
2021-07-31,3924853,63935,72484.0,194.0
2021-08-01,3933365,64085,74569.0,279.0
2021-08-02,3947476,64096,76950.0,285.0
2021-08-03,3961799,64150,80032.0,301.0
2021-08-04,3975865,64206,82295.0,315.0
2021-08-05,3989776,64243,84495.0,308.0
2021-08-06,4002654,64276,86293.0,341.0
2021-08-07,4012342,64312,87489.0,377.0
2021-08-08,4021050,64318,87685.0,233.0
2021-08-09,4037332,64328,89856.0,232.0
2021-08-10,4053528,63976,91729.0,-174.0
2021-08-11,4069023,64037,93158.0,-169.0
2021-08-12,4083603,64098,93827.0,-145.0
2021-08-13,4097334,64138,94680.0,-138.0
2021-08-14,4106912,64183,94570.0,-129.0
2021-08-15,4115092,64194,94042.0,-124.0
2021-08-16,4131201,64201,93869.0,-127.0
2021-08-17,4146695,64291,93167.0,315.0
2021-08-18,4161715,64383,92692.0,346.0
2021-08-19,4175610,64503,92007.0,405.0
2021-08-20,4188993,64585,91659.0,447.0
2021-08-21,4197869,64674,90957.0,491.0
2021-08-22,4205420,64677,90328.0,483.0
2021-08-23,4220730,64694,89529.0,493.0
2021-08-24,4234770,64802,88075.0,511.0
2021-08-25,4248334,64931,86619.0,548.0
2021-08-26,4260729,65033,85119.0,530.0
2021-08-27,4271973,65139,82980.0,554.0
2021-08-28,4279772,65243,81903.0,569.0
2021-08-29,4286358,65271,80938.0,594.0
2021-08-30,4299650,65287,78920.0,593.0
2021-08-31,4311919,65430,77149.0,628.0
2021-09-01,4324838,65585,76504.0,654.0
2021-09-02,4335841,65704,75112.0,671.0
2021-09-03,4345811,65807,73838.0,668.0
2021-09-04,4352599,65965,72827.0,722.0
2021-09-05,4357963,65990,71605.0,719.0
2021-09-06,4364615,66030,64965.0,743.0
2021-09-07,4377018,66056,65099.0,626.0
2021-09-08,4388320,66257,63482.0,672.0
2021-09-09,4398487,66422,62646.0,718.0
2021-09-10,4407795,66625,61984.0,818.0
2021-09-11,4414061,66701,61462.0,736.0
2021-09-12,4419422,66716,61459.0,726.0
2021-09-13,4429856,66813,65241.0,783.0
2021-09-14,4439329,67001,62311.0,945.0
2021-09-15,4448190,67187,59870.0,930.0
2021-09-16,4456060,67358,57573.0,936.0
2021-09-17,4463388,67483,55593.0,858.0
2021-09-18,4468305,67608,54244.0,907.0
2021-09-19,4472448,67612,53026.0,896.0
2021-09-20,4481301,67628,51445.0,815.0
2021-09-21,4488844,67774,49515.0,773.0
2021-09-22,4496241,67928,48051.0,741.0
2021-09-23,4502731,68087,46671.0,729.0
2021-09-24,4508909,68087,45521.0,604.0
2021-09-25,4513144,68087,44839.0,479.0
2021-09-26,4516912,68362,44464.0,750.0
2021-09-27,4524563,68387,43262.0,759.0
2021-09-28,4531339,68517,42495.0,743.0
2021-09-29,4537568,68670,41327.0,742.0
2021-09-30,4543372,68796,40641.0,709.0
2021-10-01,4549151,68796,40242.0,709.0
2021-10-02,4552850,68796,39706.0,709.0
2021-10-03,4556262,69039,39350.0,677.0
2021-10-04,4563059,69027,38496.0,640.0
2021-10-05,4569323,69184,37984.0,667.0
2021-10-06,4575344,69351,37776.0,681.0
2021-10-07,4580659,69507,37287.0,711.0
2021-10-08,4585840,69507,36689.0,711.0
2021-10-09,4589360,69507,36510.0,711.0
2021-10-10,4592672,69741,36410.0,702.0
2021-10-11,4598505,69756,35446.0,729.0
2021-10-12,4604318,69862,34995.0,678.0
2021-10-13,4609973,70010,34629.0,659.0
2021-10-14,4615279,70150,34620.0,643.0
2021-10-15,4620593,70150,34753.0,643.0
2021-10-16,4624248,70150,34888.0,643.0
2021-10-17,4627842,70416,35170.0,675.0
2021-10-18,4634926,70437,36421.0,681.0
2021-10-19,4641312,70593,36994.0,731.0
2021-10-20,4647576,70741,37603.0,731.0
2021-10-21,4653524,70884,38245.0,734.0
2021-10-22,4659517,70884,38924.0,734.0
2021-10-23,4663595,70884,39347.0,734.0
2021-10-24,4667187,70884,39345.0,468.0
2021-10-25,4674442,71182,39516.0,745.0
2021-10-26,4681254,71295,39942.0,702.0
2021-10-27,4687833,71408,40257.0,667.0
2021-10-28,4693926,71519,40402.0,635.0
2021-10-29,4699585,71519,40068.0,635.0
2021-10-30,4703542,71519,39947.0,635.0
2021-10-31,4707063,71532,39876.0,648.0
2021-11-01,4714499,71570,40057.0,388.0
2021-11-02,4721045,71646,39791.0,351.0
2021-11-03,4727484,71759,39651.0,351.0
2021-11-04,4733517,71852,39591.0,333.0
2021-11-05,4739061,71852,39476.0,333.0
2021-11-06,4742752,71852,39210.0,333.0
2021-11-07,4746235,71979,39172.0,447.0
2021-11-08,4752910,71998,38411.0,428.0
2021-11-09,4758818,72132,37773.0,486.0
2021-11-10,4764459,72288,36975.0,529.0
2021-11-11,4768798,72288,35281.0,436.0
2021-11-12,4773908,72436,34847.0,584.0
2021-11-13,4777376,72436,34624.0,584.0
2021-11-14,4780644,72570,34409.0,591.0
2021-11-15,4787083,72590,34173.0,592.0
2021-11-16,4792511,72718,33693.0,586.0
2021-11-17,4797687,72847,33228.0,559.0
2021-11-18,4802402,72999,33604.0,711.0
2021-11-19,4807028,72999,33120.0,563.0
2021-11-20,4810335,72999,32959.0,563.0
2021-11-21,4813308,73199,32664.0,629.0
2021-11-22,4818584,73214,31501.0,624.0
2021-11-23,4823443,73365,30932.0,647.0
2021-11-24,4828147,73365,30460.0,518.0
2021-11-25,4830468,73365,28066.0,366.0
2021-11-26,4834852,73365,27824.0,366.0
2021-11-27,4839127,73365,28792.0,366.0
2021-11-28,4843588,73656,30280.0,457.0
2021-11-29,4851948,73712,33364.0,498.0
2021-11-30,4859112,73822,35669.0,457.0
2021-12-01,4866699,73919,38552.0,554.0
2021-12-02,4873080,74046,42612.0,681.0
2021-12-03,4879304,74046,44452.0,681.0
2021-12-04,4883512,74046,44385.0,681.0
2021-12-05,4887433,74209,43845.0,553.0
2021-12-06,4894939,74221,42991.0,509.0
2021-12-07,4901572,74351,42460.0,529.0
2021-12-08,4908164,74432,41465.0,513.0
2021-12-09,4914025,74509,40945.0,463.0
2021-12-10,4919876,74509,40572.0,463.0
2021-12-11,4924148,74509,40636.0,463.0
2021-12-12,4928582,74685,41149.0,476.0
2021-12-13,4937580,74704,42641.0,483.0
2021-12-14,4946039,74794,44467.0,443.0
2021-12-15,4956250,74879,48086.0,447.0
2021-12-16,4966560,74996,52535.0,487.0
2021-12-17,4977768,74996,57892.0,487.0
2021-12-18,4987590,74996,63442.0,487.0
2021-12-19,4998453,75167,69871.0,482.0
2021-12-20,5021729,75164,84149.0,460.0
2021-12-21,5048998,75281,102959.0,487.0
2021-12-22,5080824,75383,124574.0,504.0
2021-12-23,5113290,75461,146730.0,465.0
2021-12-24,5135577,75461,157809.0,465.0
2021-12-25,5150469,75461,162879.0,465.0
2021-12-26,5186460,75461,188007.0,294.0
2021-12-27,5262080,75558,240351.0,394.0
2021-12-28,5351002,75629,302004.0,348.0
2021-12-29,5439301,75735,358477.0,352.0
2021-12-30,5525012,75844,411722.0,383.0
2021-12-31,5579555,75844,443978.0,383.0
2022-01-01,5612250,75844,461781.0,383.0
2022-01-02,5668688,75844,482228.0,383.0
2022-01-03,5808099,75921,546019.0,363.0
2022-01-04,5964098,76051,613096.0,422.0
2022-01-05,6118292,76046,678991.0,311.0
2022-01-06,6260794,76338,735782.0,494.0
2022-01-07,6395051,76338,815496.0,494.0
2022-01-08,6471565,76338,859315.0,494.0
2022-01-09,6527154,76547,858466.0,703.0
2022-01-10,6667797,76561,859698.0,640.0
2022-01-11,6802129,76680,838031.0,629.0
2022-01-12,6927936,76801,809644.0,755.0
2022-01-13,7041669,76937,780875.0,599.0
2022-01-14,7145268,76937,750217.0,599.0
2022-01-15,7203432,76937,731867.0,599.0
2022-01-16,7243552,77267,716398.0,720.0
2022-01-17,7324552,77303,656755.0,742.0
2022-01-18,7443870,77342,641741.0,662.0
2022-01-19,7544673,77518,616737.0,717.0
2022-01-20,7634279,77719,592610.0,782.0
2022-01-21,7711402,77719,566134.0,782.0
2022-01-22,7751138,77719,547706.0,782.0
2022-01-23,7779372,78098,535820.0,831.0
2022-01-24,7849788,78115,525236.0,812.0
2022-01-25,7909831,78313,465961.0,971.0
2022-01-26,7961626,78568,416953.0,1050.0
2022-01-27,8005805,78822,371526.0,1103.0
2022-01-28,8044547,78822,333145.0,1103.0
2022-01-29,8065430,78822,314292.0,1103.0
2022-01-30,8080896,79281,301524.0,1183.0
2022-01-31,8119432,79379,269644.0,1264.0
2022-02-01,8151972,79618,242141.0,1305.0
2022-02-02,8179159,79799,217533.0,1231.0
2022-02-03,8202954,80019,197149.0,1197.0
2022-02-04,8224593,80019,180046.0,1197.0
2022-02-05,8236230,80019,170800.0,1197.0
2022-02-06,8245991,80536,165095.0,1255.0
2022-02-07,8268293,80637,148861.0,1258.0
2022-02-08,8286097,80909,134125.0,1291.0
2022-02-09,8302172,81071,123013.0,1272.0
2022-02-10,8316256,81434,113302.0,1415.0
2022-02-11,8329047,81434,104454.0,1415.0
2022-02-12,8336098,81434,99868.0,1415.0
2022-02-13,8341607,82023,95616.0,1487.0
2022-02-14,8354380,82139,86087.0,1502.0
2022-02-15,8365178,82379,79081.0,1470.0
2022-02-16,8374499,82586,72327.0,1515.0
2022-02-17,8382592,82870,66336.0,1436.0
2022-02-18,8389644,82870,60597.0,1436.0
2022-02-19,8393826,82870,57728.0,1436.0
2022-02-20,8397422,82870,55815.0,847.0
2022-02-21,8402752,83520,48372.0,1381.0
2022-02-22,8409930,83566,44752.0,1187.0
2022-02-23,8415541,83781,41042.0,1195.0
2022-02-24,8420704,83989,38112.0,1119.0
2022-02-25,8425481,83989,35837.0,1119.0
2022-02-26,8428170,83989,34344.0,1119.0
2022-02-27,8430542,84696,33120.0,1826.0
2022-02-28,8435755,84708,33003.0,1188.0
2022-03-01,8440416,84925,30486.0,1359.0
2022-03-02,8444370,85124,28829.0,1343.0
2022-03-03,8447936,85350,27232.0,1361.0
2022-03-04,8451033,85350,25552.0,1361.0
2022-03-05,8453084,85350,24914.0,1361.0
2022-03-06,8454880,85846,24338.0,1150.0
2022-03-07,8458750,85851,22995.0,1143.0
2022-03-08,8462053,86022,21637.0,1097.0
2022-03-09,8465053,86182,20683.0,1058.0
2022-03-10,8467586,86384,19650.0,1034.0
2022-03-11,8469879,86384,18846.0,1034.0
2022-03-12,8471363,86384,18279.0,1034.0
2022-03-13,8472634,86791,17754.0,945.0
2022-03-14,8475528,86789,16778.0,938.0
2022-03-15,8478159,86924,16106.0,902.0
2022-03-16,8480616,87042,15563.0,860.0
2022-03-17,8482922,87191,15336.0,807.0
2022-03-18,8484911,87191,15032.0,807.0
2022-03-19,8486149,87191,14786.0,807.0
2022-03-20,8487447,87482,14813.0,691.0
2022-03-21,8490164,87495,14636.0,706.0
2022-03-22,8493196,87587,15037.0,663.0
2022-03-23,8495443,87699,14827.0,657.0
2022-03-24,8497724,87806,14802.0,615.0
2022-03-25,8499723,87806,14812.0,615.0
2022-03-26,8501169,87806,15020.0,615.0
2022-03-27,8502711,87951,15264.0,469.0
2022-03-28,8505578,87953,15414.0,458.0
2022-03-29,8508304,88040,15108.0,453.0
2022-03-30,8510941,88112,15498.0,413.0
2022-03-31,8513377,88204,15653.0,398.0
2022-04-01,8516014,88204,16291.0,398.0
2022-04-02,8517727,88204,16558.0,398.0
2022-04-03,8519457,88204,16746.0,253.0
2022-04-04,8523298,88352,17720.0,399.0
2022-04-05,8526656,88352,18352.0,312.0
2022-04-06,8530086,88352,19145.0,240.0
2022-04-07,8533154,88554,19777.0,350.0
2022-04-08,8536111,88554,20097.0,350.0
2022-04-09,8538149,88554,20422.0,350.0
2022-04-10,8540344,88554,20887.0,350.0
2022-04-11,8544776,88554,21478.0,202.0
2022-04-12,8548868,88745,22212.0,393.0
2022-04-13,8552847,88745,22761.0,393.0
2022-04-14,8556537,88907,23383.0,353.0
2022-04-15,8560201,88907,24090.0,353.0
2022-04-16,8562873,88907,24724.0,353.0
2022-04-17,8565210,88907,24866.0,353.0
2022-04-18,8571458,89054,26682.0,500.0
2022-04-19,8577299,89054,28431.0,309.0
2022-04-20,8582884,89054,30037.0,309.0
2022-04-21,8588304,89255,31767.0,348.0
2022-04-22,8593404,89255,33203.0,348.0
2022-04-23,8596977,89255,34104.0,348.0
2022-04-24,8600535,89255,35325.0,348.0
2022-04-25,8608302,89391,36844.0,337.0
2022-04-26,8615722,89391,38423.0,337.0
2022-04-27,8623014,89391,40130.0,337.0
2022-04-28,8629942,89582,41638.0,327.0
2022-04-29,8636387,89582,42983.0,327.0
2022-04-30,8641121,89582,44144.0,327.0
2022-05-01,8646103,89582,45568.0,327.0
2022-05-02,8656157,89694,47855.0,303.0
2022-05-03,8665851,89694,50129.0,303.0
2022-05-04,8675446,89694,52432.0,303.0
2022-05-05,8684482,89851,54540.0,269.0
2022-05-06,8693101,89851,56714.0,269.0
2022-05-07,8699095,89851,57974.0,269.0
2022-05-08,8704671,89851,58568.0,269.0
2022-05-09,8716738,89957,60581.0,263.0
2022-05-10,8727880,89957,62029.0,263.0
2022-05-11,8739009,89957,63563.0,263.0
2022-05-12,8749776,90117,65294.0,266.0
2022-05-13,8759813,90117,66712.0,266.0
2022-05-14,8765959,90117,66864.0,266.0
2022-05-15,8771367,90117,66696.0,266.0
2022-05-16,8785574,90218,68836.0,261.0
2022-05-17,8793236,90218,65356.0,261.0
2022-05-18,8794689,90218,55680.0,261.0
2022-05-19,8794689,90382,44913.0,265.0
