date,county,at_least_one_dose,fully_vaccinated,new_doses_administered,weekly_new_doses
2023-01-01,Alameda,1525714,1406616,31,14457
2023-01-02,Alameda,1525814,1406634,763,14284
2023-01-03,Alameda,1526047,1406775,2956,13658
2023-01-04,Alameda,1526217,1406870,2163,12705
2023-01-05,Alameda,1526381,1406942,1979,11500
2023-01-06,Alameda,1526590,1407073,3120,11498
2023-01-07,Alameda,1526704,1407115,1058,12070
2023-01-08,Alameda,1526753,1407123,486,12525
2023-01-09,Alameda,1526947,1407206,2011,13773
2023-01-10,Alameda,1527108,1407313,1794,12611
2023-01-11,Alameda,1527281,1407400,1839,12287
2023-01-12,Alameda,1527439,1407512,1866,12174
2023-01-13,Alameda,1527628,1407656,2433,11487
2023-01-14,Alameda,1527700,1407690,848,11277
2023-01-15,Alameda,1527749,1407702,408,11199
2023-01-16,Alameda,1527809,1407718,607,9795
2023-01-17,Alameda,1527966,1407811,1497,9498
2023-01-18,Alameda,1528083,1407905,1404,9063
2023-01-19,Alameda,1528211,1407985,1334,8531
2023-01-20,Alameda,1528352,1408052,1749,7847
2023-01-21,Alameda,1528406,1408084,536,7535
2023-01-22,Alameda,1528437,1408090,221,7348
2023-01-23,Alameda,1528524,1408154,1112,7853
2023-01-24,Alameda,1528633,1408242,1128,7484
2023-01-25,Alameda,1528745,1408316,1119,7199
2023-01-26,Alameda,1528840,1408374,1022,6887
2023-01-27,Alameda,1528986,1408472,1411,6549
2023-01-28,Alameda,1529036,1408502,447,6460
2023-01-29,Alameda,1529053,1408503,228,6467
2023-01-30,Alameda,1529159,1408561,1027,6382
2023-01-31,Alameda,1529271,1408624,1106,6360
2023-02-01,Alameda,1529368,1408711,1058,6299
2023-02-02,Alameda,1529479,1408767,967,6244
2023-02-03,Alameda,1529614,1408860,1323,6156
2023-02-04,Alameda,1529636,1408872,227,5936
2023-02-05,Alameda,1529640,1408872,37,5745
2023-02-06,Alameda,1529717,1408917,846,5564
2023-02-07,Alameda,1529808,1408993,920,5378
2023-02-08,Alameda,1529896,1409055,895,5215
2023-02-09,Alameda,1529964,1409102,737,4985
2023-01-01,Alpine,690,618,0,0
2023-01-02,Alpine,690,618,0,0
2023-01-03,Alpine,690,618,0,0
2023-01-04,Alpine,691,618,1,1
2023-01-05,Alpine,691,618,0,1
2023-01-06,Alpine,691,618,0,1
2023-01-07,Alpine,691,618,0,1
2023-01-08,Alpine,691,618,0,1
2023-01-09,Alpine,691,618,0,1
2023-01-10,Alpine,691,618,0,1
2023-01-11,Alpine,691,618,0,0
2023-01-12,Alpine,691,618,0,0
2023-01-13,Alpine,691,618,0,0
2023-01-14,Alpine,691,618,0,0
2023-01-15,Alpine,691,618,0,0
2023-01-16,Alpine,691,618,0,0
2023-01-17,Alpine,691,618,0,0
2023-01-18,Alpine,691,618,0,0
2023-01-19,Alpine,691,618,0,0
2023-01-20,Alpine,691,618,0,0
2023-01-21,Alpine,691,618,0,0
2023-01-22,Alpine,691,618,0,0
2023-01-23,Alpine,691,618,0,0
2023-01-24,Alpine,691,618,0,0
2023-01-25,Alpine,691,618,0,0
2023-01-26,Alpine,691,618,0,0
2023-01-27,Alpine,691,618,0,0
2023-01-28,Alpine,691,618,0,0
2023-01-29,Alpine,691,618,0,0
2023-01-30,Alpine,691,618,0,0
2023-01-31,Alpine,691,618,3,3
2023-02-01,Alpine,691,618,0,3
2023-02-02,Alpine,691,618,0,3
2023-02-03,Alpine,691,618,0,3
2023-02-04,Alpine,691,618,0,3
2023-02-05,Alpine,691,618,0,3
2023-02-06,Alpine,691,618,0,3
2023-02-07,Alpine,691,618,2,2
2023-02-08,Alpine,691,618,0,2
2023-02-09,Alpine,691,618,0,2
2023-01-01,Amador,24101,22248,0,128
2023-01-02,Amador,24101,22248,5,99
2023-01-03,Amador,24101,22249,25,103
2023-01-04,Amador,24101,22249,13,97
2023-01-05,Amador,24102,22249,19,82
2023-01-06,Amador,24103,22249,23,85
2023-01-07,Amador,24103,22251,10,95
2023-01-08,Amador,24103,22252,6,101
2023-01-09,Amador,24103,22252,8,104
2023-01-10,Amador,24103,22255,11,90
2023-01-11,Amador,24105,22256,6,83
2023-01-12,Amador,24107,22256,37,101
2023-01-13,Amador,24107,22257,12,90
2023-01-14,Amador,24107,22257,6,86
2023-01-15,Amador,24107,22257,0,80
2023-01-16,Amador,24107,22257,2,74
2023-01-17,Amador,24108,22258,16,79
2023-01-18,Amador,24111,22258,9,82
2023-01-19,Amador,24112,22258,9,54
2023-01-20,Amador,24112,22258,9,51
2023-01-21,Amador,24112,22258,2,47
2023-01-22,Amador,24112,22258,0,47
2023-01-23,Amador,24113,22258,6,51
2023-01-24,Amador,24114,22258,10,45
2023-01-25,Amador,24114,22258,6,42
2023-01-26,Amador,24117,22258,18,51
2023-01-27,Amador,24117,22258,9,51
2023-01-28,Amador,24117,22258,0,49
2023-01-29,Amador,24117,22258,0,49
2023-01-30,Amador,24118,22258,7,50
2023-01-31,Amador,24119,22258,6,46
2023-02-01,Amador,24120,22258,5,45
2023-02-02,Amador,24121,22258,10,37
2023-02-03,Amador,24121,22258,9,37
2023-02-04,Amador,24121,22258,0,37
2023-02-05,Amador,24121,22258,3,40
2023-02-06,Amador,24121,22258,8,41
2023-02-07,Amador,24123,22260,13,48
2023-02-08,Amador,24123,22260,12,55
2023-02-09,Amador,24124,22260,5,50
2023-01-01,Butte,129906,118723,3,503
2023-01-02,Butte,129910,118726,49,520
2023-01-03,Butte,129920,118733,120,507
2023-01-04,Butte,129925,118737,92,501
2023-01-05,Butte,129935,118746,129,511
2023-01-06,Butte,129941,118748,111,529
2023-01-07,Butte,129943,118751,47,551
2023-01-08,Butte,129947,118752,23,571
2023-01-09,Butte,129959,118754,105,627
2023-01-10,Butte,129972,118756,95,602
2023-01-11,Butte,129981,118759,88,598
2023-01-12,Butte,130000,118762,113,582
2023-01-13,Butte,130002,118768,85,556
2023-01-14,Butte,130003,118769,35,544
2023-01-15,Butte,130006,118770,17,538
2023-01-16,Butte,130012,118774,53,486
2023-01-17,Butte,130029,118790,111,502
2023-01-18,Butte,130036,118792,62,476
2023-01-19,Butte,130052,118801,107,470
2023-01-20,Butte,130057,118802,71,456
2023-01-21,Butte,130062,118804,24,445
2023-01-22,Butte,130064,118804,12,440
2023-01-23,Butte,130071,118805,61,448
2023-01-24,Butte,130077,118807,84,421
2023-01-25,Butte,130084,118809,59,418
2023-01-26,Butte,130095,118812,54,365
2023-01-27,Butte,130098,118813,79,373
2023-01-28,Butte,130100,118813,11,360
2023-01-29,Butte,130100,118813,0,348
2023-01-30,Butte,130109,118814,47,334
2023-01-31,Butte,130111,118821,51,301
2023-02-01,Butte,130112,118824,49,291
2023-02-02,Butte,130123,118826,52,289
2023-02-03,Butte,130129,118828,46,256
2023-02-04,Butte,130130,118828,10,255
2023-02-05,Butte,130130,118828,0,255
2023-02-06,Butte,130132,118830,48,256
2023-02-07,Butte,130140,118839,51,256
2023-02-08,Butte,130143,118843,38,245
2023-02-09,Butte,130149,118850,38,231
2023-01-01,Calaveras,26715,24741,1,105
2023-01-02,Calaveras,26715,24741,2,102
2023-01-03,Calaveras,26715,24741,24,102
2023-01-04,Calaveras,26716,24741,11,90
2023-01-05,Calaveras,26716,24741,16,85
2023-01-06,Calaveras,26718,24741,30,87
2023-01-07,Calaveras,26718,24741,15,99
2023-01-08,Calaveras,26720,24741,16,114
2023-01-09,Calaveras,26720,24741,12,124
2023-01-10,Calaveras,26721,24742,10,110
2023-01-11,Calaveras,26721,24743,24,123
2023-01-12,Calaveras,26721,24743,26,133
2023-01-13,Calaveras,26721,24743,13,116
2023-01-14,Calaveras,26721,24743,3,104
2023-01-15,Calaveras,26721,24743,3,91
2023-01-16,Calaveras,26722,24743,9,88
2023-01-17,Calaveras,26722,24743,15,93
2023-01-18,Calaveras,26723,24744,13,82
2023-01-19,Calaveras,26724,24744,6,62
2023-01-20,Calaveras,26725,24746,27,76
2023-01-21,Calaveras,26725,24746,7,80
2023-01-22,Calaveras,26725,24746,0,77
2023-01-23,Calaveras,26725,24746,13,81
2023-01-24,Calaveras,26725,24746,7,73
2023-01-25,Calaveras,26725,24746,4,64
2023-01-26,Calaveras,26725,24746,5,63
2023-01-27,Calaveras,26726,24747,11,47
2023-01-28,Calaveras,26726,24747,3,43
2023-01-29,Calaveras,26727,24747,10,53
2023-01-30,Calaveras,26727,24747,11,51
2023-01-31,Calaveras,26727,24748,11,55
2023-02-01,Calaveras,26727,24748,12,63
2023-02-02,Calaveras,26727,24748,6,64
2023-02-03,Calaveras,26727,24749,8,61
2023-02-04,Calaveras,26728,24749,4,62
2023-02-05,Calaveras,26728,24749,8,60
2023-02-06,Calaveras,26728,24749,7,56
2023-02-07,Calaveras,26728,24749,11,56
2023-02-08,Calaveras,26728,24749,6,50
2023-02-09,Calaveras,26728,24749,3,47
2023-01-01,Colusa,14509,13243,0,38
2023-01-02,Colusa,14509,13243,8,41
2023-01-03,Colusa,14513,13243,13,45
2023-01-04,Colusa,14514,13243,18,58
2023-01-05,Colusa,14517,13243,10,60
2023-01-06,Colusa,14517,13243,9,58
2023-01-07,Colusa,14517,13243,1,59
2023-01-08,Colusa,14517,13243,2,61
2023-01-09,Colusa,14517,13243,4,57
2023-01-10,Colusa,14518,13244,5,49
2023-01-11,Colusa,14519,13244,7,38
2023-01-12,Colusa,14519,13244,8,36
2023-01-13,Colusa,14519,13244,2,29
2023-01-14,Colusa,14519,13244,2,30
2023-01-15,Colusa,14519,13244,0,28
2023-01-16,Colusa,14519,13244,0,24
2023-01-17,Colusa,14520,13244,4,23
2023-01-18,Colusa,14520,13244,5,21
2023-01-19,Colusa,14521,13244,5,18
2023-01-20,Colusa,14522,13244,5,21
2023-01-21,Colusa,14522,13244,2,21
2023-01-22,Colusa,14522,13244,0,21
2023-01-23,Colusa,14522,13244,2,23
2023-01-24,Colusa,14522,13245,9,28
2023-01-25,Colusa,14524,13245,6,29
2023-01-26,Colusa,14525,13245,3,27
2023-01-27,Colusa,14526,13245,2,24
2023-01-28,Colusa,14526,13245,0,22
2023-01-29,Colusa,14526,13245,0,22
2023-01-30,Colusa,14527,13245,1,21
2023-01-31,Colusa,14528,13245,7,19
2023-02-01,Colusa,14528,13245,4,17
2023-02-02,Colusa,14528,13246,8,22
2023-02-03,Colusa,14528,13246,4,24
2023-02-04,Colusa,14528,13246,2,26
2023-02-05,Colusa,14528,13246,2,28
2023-02-06,Colusa,14529,13246,3,30
2023-02-07,Colusa,14529,13246,6,29
2023-02-08,Colusa,14529,13246,1,26
2023-02-09,Colusa,14529,13246,0,18
2023-01-01,Contra Costa,1037074,972928,6,8016
2023-01-02,Contra Costa,1037114,972931,427,7903
2023-01-03,Contra Costa,1037226,972991,1700,7621
2023-01-04,Contra Costa,1037322,973028,1258,7094
2023-01-05,Contra Costa,1037431,973075,1219,6557
2023-01-06,Contra Costa,1037559,973120,1816,6653
2023-01-07,Contra Costa,1037603,973132,469,6895
2023-01-08,Contra Costa,1037632,973136,228,7117
2023-01-09,Contra Costa,1037721,973178,1229,7919
2023-01-10,Contra Costa,1037790,973227,1078,7297
2023-01-11,Contra Costa,1037874,973262,1070,7109
2023-01-12,Contra Costa,1037957,973326,1107,6997
2023-01-13,Contra Costa,1038041,973374,1322,6503
2023-01-14,Contra Costa,1038067,973384,358,6392
2023-01-15,Contra Costa,1038080,973389,187,6351
2023-01-16,Contra Costa,1038095,973391,298,5420
2023-01-17,Contra Costa,1038187,973447,1000,5342
2023-01-18,Contra Costa,1038253,973499,923,5195
2023-01-19,Contra Costa,1038329,973550,939,5027
2023-01-20,Contra Costa,1038394,973619,999,4704
2023-01-21,Contra Costa,1038428,973628,289,4635
2023-01-22,Contra Costa,1038437,973628,89,4537
2023-01-23,Contra Costa,1038484,973670,693,4932
2023-01-24,Contra Costa,1038562,973707,724,4656
2023-01-25,Contra Costa,1038616,973746,695,4428
2023-01-26,Contra Costa,1038674,973786,677,4166
2023-01-27,Contra Costa,1038753,973855,901,4068
2023-01-28,Contra Costa,1038786,973867,246,4025
2023-01-29,Contra Costa,1038798,973867,87,4023
2023-01-30,Contra Costa,1038858,973901,679,4009
2023-01-31,Contra Costa,1038918,973943,679,3964
2023-02-01,Contra Costa,1038969,973988,598,3867
2023-02-02,Contra Costa,1039020,974014,539,3729
2023-02-03,Contra Costa,1039079,974077,775,3603
2023-02-04,Contra Costa,1039090,974084,102,3459
2023-02-05,Contra Costa,1039095,974086,20,3392
2023-02-06,Contra Costa,1039148,974117,531,3244
2023-02-07,Contra Costa,1039200,974150,545,3110
2023-02-08,Contra Costa,1039237,974181,470,2982
2023-02-09,Contra Costa,1039265,974196,408,2851
2023-01-01,Del Norte,15348,13599,1,72
2023-01-02,Del Norte,15348,13599,6,72
2023-01-03,Del Norte,15348,13601,11,71
2023-01-04,Del Norte,15349,13601,5,58
2023-01-05,Del Norte,15349,13601,10,52
2023-01-06,Del Norte,15350,13601,14,47
2023-01-07,Del Norte,15350,13601,4,51
2023-01-08,Del Norte,15350,13601,0,50
2023-01-09,Del Norte,15350,13601,9,53
2023-01-10,Del Norte,15351,13601,13,55
2023-01-11,Del Norte,15351,13601,16,66
2023-01-12,Del Norte,15352,13602,12,68
2023-01-13,Del Norte,15353,13602,8,62
2023-01-14,Del Norte,15353,13602,5,63
2023-01-15,Del Norte,15353,13602,1,64
2023-01-16,Del Norte,15353,13604,6,61
2023-01-17,Del Norte,15354,13605,33,81
2023-01-18,Del Norte,15356,13605,10,75
2023-01-19,Del Norte,15357,13605,10,73
2023-01-20,Del Norte,15358,13605,10,75
2023-01-21,Del Norte,15359,13605,3,73
2023-01-22,Del Norte,15360,13605,1,73
2023-01-23,Del Norte,15360,13608,4,71
2023-01-24,Del Norte,15365,13609,16,54
2023-01-25,Del Norte,15365,13609,16,60
2023-01-26,Del Norte,15365,13609,0,50
2023-01-27,Del Norte,15367,13609,5,45
2023-01-28,Del Norte,15367,13610,1,43
2023-01-29,Del Norte,15367,13610,0,42
2023-01-30,Del Norte,15368,13611,12,50
2023-01-31,Del Norte,15369,13611,7,41
2023-02-01,Del Norte,15369,13611,3,28
2023-02-02,Del Norte,15369,13611,8,36
2023-02-03,Del Norte,15370,13614,6,37
2023-02-04,Del Norte,15370,13614,0,36
2023-02-05,Del Norte,15370,13614,0,36
2023-02-06,Del Norte,15370,13614,2,26
2023-02-07,Del Norte,15370,13615,13,32
2023-02-08,Del Norte,15372,13616,13,42
2023-02-09,Del Norte,15372,13617,7,41
2023-01-01,El Dorado,131548,119786,2,737
2023-01-02,El Dorado,131552,119787,48,721
2023-01-03,El Dorado,131561,119789,115,671
2023-01-04,El Dorado,131569,119790,116,649
2023-01-05,El Dorado,131582,119793,105,553
2023-01-06,El Dorado,131593,119795,142,555
2023-01-07,El Dorado,131597,119796,47,575
2023-01-08,El Dorado,131599,119796,14,587
2023-01-09,El Dorado,131612,119798,124,663
2023-01-10,El Dorado,131619,119805,84,632
2023-01-11,El Dorado,131628,119807,91,607
2023-01-12,El Dorado,131635,119809,98,600
2023-01-13,El Dorado,131642,119812,94,552
2023-01-14,El Dorado,131644,119813,25,530
2023-01-15,El Dorado,131645,119813,23,539
2023-01-16,El Dorado,131648,119813,28,443
2023-01-17,El Dorado,131655,119816,91,450
2023-01-18,El Dorado,131661,119820,74,433
2023-01-19,El Dorado,131668,119823,67,402
2023-01-20,El Dorado,131670,119826,70,378
2023-01-21,El Dorado,131673,119827,14,367
2023-01-22,El Dorado,131673,119827,7,351
2023-01-23,El Dorado,131682,119829,81,404
2023-01-24,El Dorado,131686,119831,67,380
2023-01-25,El Dorado,131688,119835,58,364
2023-01-26,El Dorado,131694,119846,87,384
2023-01-27,El Dorado,131701,119847,76,390
2023-01-28,El Dorado,131701,119847,8,384
2023-01-29,El Dorado,131701,119850,6,383
2023-01-30,El Dorado,131706,119851,63,365
2023-01-31,El Dorado,131713,119853,55,353
2023-02-01,El Dorado,131717,119854,42,337
2023-02-02,El Dorado,131723,119855,59,309
2023-02-03,El Dorado,131730,119857,50,283
2023-02-04,El Dorado,131731,119857,4,279
2023-02-05,El Dorado,131735,119857,5,278
2023-02-06,El Dorado,131741,119859,47,262
2023-02-07,El Dorado,131743,119859,46,253
2023-02-08,El Dorado,131748,119860,43,254
2023-02-09,El Dorado,131754,119860,45,240
2023-01-01,Fresno,694450,627891,9,3367
2023-01-02,Fresno,694482,627906,237,3354
2023-01-03,Fresno,694552,627942,703,3262
2023-01-04,Fresno,694594,627962,609,3054
2023-01-05,Fresno,694669,627981,740,3086
2023-01-06,Fresno,694751,628003,780,3222
2023-01-07,Fresno,694772,628012,257,3335
2023-01-08,Fresno,694782,628015,132,3458
2023-01-09,Fresno,694818,628028,454,3675
2023-01-10,Fresno,694871,628064,476,3448
2023-01-11,Fresno,694935,628089,480,3319
2023-01-12,Fresno,694986,628114,496,3075
2023-01-13,Fresno,695042,628138,587,2882
2023-01-14,Fresno,695056,628151,269,2894
2023-01-15,Fresno,695060,628152,105,2867
2023-01-16,Fresno,695086,628163,289,2702
2023-01-17,Fresno,695123,628189,368,2594
2023-01-18,Fresno,695159,628208,350,2464
2023-01-19,Fresno,695189,628232,327,2295
2023-01-20,Fresno,695237,628265,541,2249
2023-01-21,Fresno,695249,628270,110,2090
2023-01-22,Fresno,695260,628273,66,2051
2023-01-23,Fresno,695292,628301,323,2085
2023-01-24,Fresno,695336,628324,312,2029
2023-01-25,Fresno,695375,628344,361,2040
2023-01-26,Fresno,695425,628359,424,2137
2023-01-27,Fresno,695457,628398,440,2036
2023-01-28,Fresno,695463,628405,81,2007
2023-01-29,Fresno,695466,628409,47,1988
2023-01-30,Fresno,695491,628439,288,1953
2023-01-31,Fresno,695520,628464,326,1967
2023-02-01,Fresno,695573,628494,306,1912
2023-02-02,Fresno,695607,628512,303,1791
2023-02-03,Fresno,695646,628542,468,1819
2023-02-04,Fresno,695663,628548,97,1835
2023-02-05,Fresno,695672,628548,19,1807
2023-02-06,Fresno,695700,628568,256,1775
2023-02-07,Fresno,695743,628586,278,1727
2023-02-08,Fresno,695767,628606,264,1685
2023-02-09,Fresno,695796,628622,184,1566
2023-01-01,Glenn,17462,15969,0,48
2023-01-02,Glenn,17462,15969,9,55
2023-01-03,Glenn,17463,15969,13,55
2023-01-04,Glenn,17463,15969,15,61
2023-01-05,Glenn,17464,15969,10,62
2023-01-06,Glenn,17465,15969,18,69
2023-01-07,Glenn,17466,15969,6,71
2023-01-08,Glenn,17466,15969,3,74
2023-01-09,Glenn,17467,15969,2,67
2023-01-10,Glenn,17468,15969,16,70
2023-01-11,Glenn,17469,15969,14,69
2023-01-12,Glenn,17469,15969,8,67
2023-01-13,Glenn,17471,15970,10,59
2023-01-14,Glenn,17471,15970,3,56
2023-01-15,Glenn,17471,15970,1,54
2023-01-16,Glenn,17472,15970,5,57
2023-01-17,Glenn,17474,15973,13,54
2023-01-18,Glenn,17475,15973,7,47
2023-01-19,Glenn,17475,15973,15,54
2023-01-20,Glenn,17475,15973,7,51
2023-01-21,Glenn,17475,15973,2,50
2023-01-22,Glenn,17476,15973,2,51
2023-01-23,Glenn,17476,15974,5,51
2023-01-24,Glenn,17477,15974,7,45
2023-01-25,Glenn,17480,15974,9,47
2023-01-26,Glenn,17480,15974,5,37
2023-01-27,Glenn,17481,15974,8,38
2023-01-28,Glenn,17481,15974,0,36
2023-01-29,Glenn,17481,15974,1,35
2023-01-30,Glenn,17484,15974,7,37
2023-01-31,Glenn,17487,15976,11,41
2023-02-01,Glenn,17487,15976,3,35
2023-02-02,Glenn,17488,15977,8,38
2023-02-03,Glenn,17488,15977,4,34
2023-02-04,Glenn,17488,15977,0,34
2023-02-05,Glenn,17488,15977,0,33
2023-02-06,Glenn,17489,15978,9,35
2023-02-07,Glenn,17490,15981,6,30
2023-02-08,Glenn,17491,15981,9,36
2023-02-09,Glenn,17491,15982,3,31
2023-01-01,Humboldt,100946,92177,0,476
2023-01-02,Humboldt,100946,92177,30,482
2023-01-03,Humboldt,100955,92182,101,478
2023-01-04,Humboldt,100960,92188,75,450
2023-01-05,Humboldt,100964,92190,67,425
2023-01-06,Humboldt,100977,92198,143,433
2023-01-07,Humboldt,100978,92198,28,444
2023-01-08,Humboldt,100979,92198,6,450
2023-01-09,Humboldt,100987,92198,119,539
2023-01-10,Humboldt,100997,92205,105,543
2023-01-11,Humboldt,101008,92208,113,581
2023-01-12,Humboldt,101013,92212,103,617
2023-01-13,Humboldt,101031,92218,144,618
2023-01-14,Humboldt,101032,92218,18,608
2023-01-15,Humboldt,101032,92219,7,609
2023-01-16,Humboldt,101033,92219,37,527
2023-01-17,Humboldt,101044,92224,84,506
2023-01-18,Humboldt,101045,92230,70,463
2023-01-19,Humboldt,101052,92231,91,451
2023-01-20,Humboldt,101062,92238,85,392
2023-01-21,Humboldt,101062,92238,18,392
2023-01-22,Humboldt,101063,92238,3,388
2023-01-23,Humboldt,101067,92242,62,413
2023-01-24,Humboldt,101073,92249,118,447
2023-01-25,Humboldt,101076,92250,64,441
2023-01-26,Humboldt,101082,92253,67,417
2023-01-27,Humboldt,101095,92256,87,419
2023-01-28,Humboldt,101099,92256,21,422
2023-01-29,Humboldt,101101,92257,8,427
2023-01-30,Humboldt,101106,92261,52,417
2023-01-31,Humboldt,101112,92266,68,367
2023-02-01,Humboldt,101117,92269,60,363
2023-02-02,Humboldt,101123,92270,60,356
2023-02-03,Humboldt,101139,92274,127,396
2023-02-04,Humboldt,101139,92275,14,389
2023-02-05,Humboldt,101139,92275,1,382
2023-02-06,Humboldt,101144,92277,44,374
2023-02-07,Humboldt,101149,92278,59,365
2023-02-08,Humboldt,101155,92281,50,355
2023-02-09,Humboldt,101160,92283,53,348
2023-01-01,Imperial,262280,180533,20,1297
2023-01-02,Imperial,262340,180534,130,1296
2023-01-03,Imperial,262427,180553,259,1278
2023-01-04,Imperial,262568,180569,310,1256
2023-01-05,Imperial,262632,180578,232,1233
2023-01-06,Imperial,262676,180594,224,1269
2023-01-07,Imperial,262722,180595,125,1300
2023-01-08,Imperial,262754,180596,53,1333
2023-01-09,Imperial,262821,180602,160,1363
2023-01-10,Imperial,262893,180611,224,1328
2023-01-11,Imperial,262960,180624,202,1220
2023-01-12,Imperial,263007,180636,174,1162
2023-01-13,Imperial,263056,180642,205,1143
2023-01-14,Imperial,263091,180642,111,1129
2023-01-15,Imperial,263124,180644,52,1128
2023-01-16,Imperial,263162,180649,129,1097
2023-01-17,Imperial,263212,180661,161,1034
2023-01-18,Imperial,263289,180668,206,1038
2023-01-19,Imperial,263355,180681,170,1034
2023-01-20,Imperial,263408,180685,169,998
2023-01-21,Imperial,263452,180687,95,982
2023-01-22,Imperial,263487,180688,53,983
2023-01-23,Imperial,263527,180696,116,970
2023-01-24,Imperial,263596,180707,174,983
2023-01-25,Imperial,263678,180721,213,990
2023-01-26,Imperial,263752,180730,166,986
2023-01-27,Imperial,263803,180746,151,968
2023-01-28,Imperial,263847,180746,78,951
2023-01-29,Imperial,263891,180746,57,955
2023-01-30,Imperial,263961,180758,151,990
2023-01-31,Imperial,264022,180768,136,952
2023-02-01,Imperial,264102,180777,149,888
2023-02-02,Imperial,264145,180800,138,860
2023-02-03,Imperial,264187,180807,114,823
2023-02-04,Imperial,264207,180807,36,781
2023-02-05,Imperial,264208,180807,3,727
2023-02-06,Imperial,264314,180817,233,809
2023-02-07,Imperial,264376,180828,126,799
2023-02-08,Imperial,264463,180836,166,816
2023-02-09,Imperial,264475,180840,49,727
2023-01-01,Inyo,12802,11693,0,124
2023-01-02,Inyo,12802,11693,7,125
2023-01-03,Inyo,12802,11693,10,125
2023-01-04,Inyo,12802,11694,11,132
2023-01-05,Inyo,12802,11694,6,41
2023-01-06,Inyo,12802,11694,6,40
2023-01-07,Inyo,12802,11694,2,42
2023-01-08,Inyo,12802,11694,0,42
2023-01-09,Inyo,12802,11694,6,41
2023-01-10,Inyo,12803,11694,3,34
2023-01-11,Inyo,12803,11694,9,32
2023-01-12,Inyo,12804,11694,11,37
2023-01-13,Inyo,12807,11694,9,40
2023-01-14,Inyo,12807,11694,2,40
2023-01-15,Inyo,12807,11694,0,40
2023-01-16,Inyo,12807,11694,2,36
2023-01-17,Inyo,12808,11695,11,44
2023-01-18,Inyo,12808,11695,4,39
2023-01-19,Inyo,12808,11695,6,34
2023-01-20,Inyo,12808,11695,0,25
2023-01-21,Inyo,12808,11695,2,25
2023-01-22,Inyo,12808,11695,0,25
2023-01-23,Inyo,12808,11695,1,24
2023-01-24,Inyo,12808,11695,8,21
2023-01-25,Inyo,12811,11695,7,24
2023-01-26,Inyo,12812,11696,10,28
2023-01-27,Inyo,12812,11696,0,28
2023-01-28,Inyo,12812,11696,0,26
2023-01-29,Inyo,12812,11696,0,26
2023-01-30,Inyo,12814,11696,7,32
2023-01-31,Inyo,12815,11696,4,28
2023-02-01,Inyo,12815,11696,2,23
2023-02-02,Inyo,12815,11696,5,18
2023-02-03,Inyo,12815,11696,1,19
2023-02-04,Inyo,12815,11696,0,19
2023-02-05,Inyo,12815,11696,0,19
2023-02-06,Inyo,12815,11696,1,13
2023-02-07,Inyo,12815,11696,2,11
2023-02-08,Inyo,12815,11696,1,10
2023-02-09,Inyo,12816,11696,5,10
2023-01-01,Kern,551911,494895,16,1962
2023-01-02,Kern,551935,494904,222,2003
2023-01-03,Kern,551976,494931,438,2041
2023-01-04,Kern,552020,494945,363,1944
2023-01-05,Kern,552056,494959,340,1892
2023-01-06,Kern,552085,494978,449,1916
2023-01-07,Kern,552100,494990,226,2054
2023-01-08,Kern,552105,494999,84,2122
2023-01-09,Kern,552140,495012,342,2242
2023-01-10,Kern,552183,495024,318,2122
2023-01-11,Kern,552217,495037,303,2062
2023-01-12,Kern,552256,495058,325,2047
2023-01-13,Kern,552299,495078,342,1940
2023-01-14,Kern,552319,495091,199,1913
2023-01-15,Kern,552343,495094,136,1965
2023-01-16,Kern,552360,495097,152,1775
2023-01-17,Kern,552398,495128,336,1793
2023-01-18,Kern,552422,495147,214,1704
2023-01-19,Kern,552445,495162,242,1621
2023-01-20,Kern,552480,495177,297,1576
2023-01-21,Kern,552495,495192,129,1506
2023-01-22,Kern,552498,495197,44,1414
2023-01-23,Kern,552514,495210,222,1484
2023-01-24,Kern,552553,495222,248,1396
2023-01-25,Kern,552576,495240,180,1362
2023-01-26,Kern,552595,495252,166,1286
2023-01-27,Kern,552621,495262,269,1258
2023-01-28,Kern,552630,495263,80,1209
2023-01-29,Kern,552655,495272,122,1287
2023-01-30,Kern,552670,495279,180,1245
2023-01-31,Kern,552705,495292,216,1213
2023-02-01,Kern,552732,495313,225,1258
2023-02-02,Kern,552744,495324,136,1228
2023-02-03,Kern,552776,495345,223,1182
2023-02-04,Kern,552786,495353,72,1174
2023-02-05,Kern,552786,495354,5,1057
2023-02-06,Kern,552805,495365,140,1017
2023-02-07,Kern,552841,495381,172,973
2023-02-08,Kern,552856,495389,149,897
2023-02-09,Kern,552868,495396,99,860
2023-01-01,Kings,80630,71094,1,251
2023-01-02,Kings,80636,71095,22,248
2023-01-03,Kings,80639,71100,57,258
2023-01-04,Kings,80646,71106,40,236
2023-01-05,Kings,80648,71110,42,216
2023-01-06,Kings,80660,71112,73,242
2023-01-07,Kings,80660,71112,19,254
2023-01-08,Kings,80662,71114,13,266
2023-01-09,Kings,80666,71116,22,266
2023-01-10,Kings,80674,71121,38,247
2023-01-11,Kings,80679,71122,50,257
2023-01-12,Kings,80691,71127,75,290
2023-01-13,Kings,80702,71141,79,296
2023-01-14,Kings,80703,71142,13,290
2023-01-15,Kings,80703,71142,13,290
2023-01-16,Kings,80703,71144,15,283
2023-01-17,Kings,80709,71146,29,274
2023-01-18,Kings,80710,71146,35,259
2023-01-19,Kings,80717,71150,31,215
2023-01-20,Kings,80722,71152,37,173
2023-01-21,Kings,80722,71154,9,169
2023-01-22,Kings,80722,71154,8,164
2023-01-23,Kings,80724,71158,22,171
2023-01-24,Kings,80725,71158,13,155
2023-01-25,Kings,80729,71162,35,155
2023-01-26,Kings,80732,71163,26,150
2023-01-27,Kings,80735,71163,28,141
2023-01-28,Kings,80735,71163,9,141
2023-01-29,Kings,80735,71163,10,143
2023-01-30,Kings,80739,71164,25,146
2023-01-31,Kings,80740,71166,17,150
2023-02-01,Kings,80742,71168,21,136
2023-02-02,Kings,80745,71172,24,134
2023-02-03,Kings,80748,71177,32,138
2023-02-04,Kings,80748,71178,1,130
2023-02-05,Kings,80748,71178,0,120
2023-02-06,Kings,80752,71178,22,117
2023-02-07,Kings,80754,71181,23,123
2023-02-08,Kings,80763,71184,41,143
2023-02-09,Kings,80768,71185,16,135
2023-01-01,Lake,40428,36020,0,139
2023-01-02,Lake,40430,36021,14,139
2023-01-03,Lake,40431,36022,25,131
2023-01-04,Lake,40434,36026,24,118
2023-01-05,Lake,40439,36026,34,129
2023-01-06,Lake,40441,36029,58,161
2023-01-07,Lake,40442,36029,6,161
2023-01-08,Lake,40442,36029,3,164
2023-01-09,Lake,40445,36029,16,166
2023-01-10,Lake,40446,36029,38,179
2023-01-11,Lake,40451,36030,25,180
2023-01-12,Lake,40455,36032,28,174
2023-01-13,Lake,40460,36032,50,166
2023-01-14,Lake,40460,36032,16,176
2023-01-15,Lake,40461,36033,5,178
2023-01-16,Lake,40461,36033,6,168
2023-01-17,Lake,40461,36033,12,142
2023-01-18,Lake,40467,36034,52,169
2023-01-19,Lake,40468,36035,16,157
2023-01-20,Lake,40472,36036,37,144
2023-01-21,Lake,40472,36036,4,132
2023-01-22,Lake,40472,36036,4,131
2023-01-23,Lake,40473,36036,10,135
2023-01-24,Lake,40475,36036,10,133
2023-01-25,Lake,40481,36036,50,131
2023-01-26,Lake,40487,36038,26,141
2023-01-27,Lake,40490,36038,46,150
2023-01-28,Lake,40491,36038,5,151
2023-01-29,Lake,40493,36039,3,150
2023-01-30,Lake,40495,36039,7,147
2023-01-31,Lake,40497,36039,15,152
2023-02-01,Lake,40501,36039,21,123
2023-02-02,Lake,40505,36040,13,110
2023-02-03,Lake,40507,36041,27,91
2023-02-04,Lake,40508,36041,2,88
2023-02-05,Lake,40508,36041,0,85
2023-02-06,Lake,40508,36041,10,88
2023-02-07,Lake,40512,36044,30,103
2023-02-08,Lake,40514,36045,14,96
2023-02-09,Lake,40517,36045,13,96
2023-01-01,Lassen,9956,8942,0,26
2023-01-02,Lassen,9956,8942,5,26
2023-01-03,Lassen,9956,8942,5,30
2023-01-04,Lassen,9957,8942,7,29
2023-01-05,Lassen,9957,8944,7,30
2023-01-06,Lassen,9957,8944,1,26
2023-01-07,Lassen,9957,8944,0,25
2023-01-08,Lassen,9957,8944,1,26
2023-01-09,Lassen,9957,8944,2,23
2023-01-10,Lassen,9957,8944,6,24
2023-01-11,Lassen,9957,8945,5,22
2023-01-12,Lassen,9958,8946,9,24
2023-01-13,Lassen,9959,8946,8,31
2023-01-14,Lassen,9959,8946,0,31
2023-01-15,Lassen,9959,8946,1,31
2023-01-16,Lassen,9959,8946,2,31
2023-01-17,Lassen,9959,8946,3,28
2023-01-18,Lassen,9959,8946,4,27
2023-01-19,Lassen,9959,8946,6,24
2023-01-20,Lassen,9959,8946,4,20
2023-01-21,Lassen,9959,8946,0,20
2023-01-22,Lassen,9959,8946,0,19
2023-01-23,Lassen,9959,8946,3,20
2023-01-24,Lassen,9959,8946,3,20
2023-01-25,Lassen,9959,8947,2,18
2023-01-26,Lassen,9960,8947,2,14
2023-01-27,Lassen,9960,8948,4,14
2023-01-28,Lassen,9960,8948,0,14
2023-01-29,Lassen,9960,8948,0,14
2023-01-30,Lassen,9960,8948,4,15
2023-01-31,Lassen,9960,8948,5,17
2023-02-01,Lassen,9961,8948,2,17
2023-02-02,Lassen,9961,8949,7,22
2023-02-03,Lassen,9961,8949,5,23
2023-02-04,Lassen,9961,8949,0,23
2023-02-05,Lassen,9961,8949,0,23
2023-02-06,Lassen,9965,8949,9,28
2023-02-07,Lassen,9965,8949,2,25
2023-02-08,Lassen,9966,8949,2,25
2023-02-09,Lassen,9966,8949,1,19
2023-01-01,Los Angeles,8370026,7529406,202,51622
2023-01-02,Los Angeles,8370453,7529501,3339,51196
2023-01-03,Los Angeles,8371374,7529812,10065,48671
2023-01-04,Los Angeles,8372207,7530098,8971,46129
2023-01-05,Los Angeles,8372965,7530420,8840,44257
2023-01-06,Los Angeles,8373838,7530801,11654,45569
2023-01-07,Los Angeles,8374294,7530953,5505,48576
2023-01-08,Los Angeles,8374530,7531004,2452,50826
2023-01-09,Los Angeles,8375141,7531217,7105,54592
2023-01-10,Los Angeles,8375739,7531466,6261,50788
2023-01-11,Los Angeles,8376470,7531758,7549,49366
2023-01-12,Los Angeles,8377111,7532019,7273,47799
2023-01-13,Los Angeles,8377871,7532360,9212,45357
2023-01-14,Los Angeles,8378158,7532471,3619,43471
2023-01-15,Los Angeles,8378352,7532493,1987,43006
2023-01-16,Los Angeles,8378637,7532600,2952,38853
2023-01-17,Los Angeles,8379194,7532874,6031,38623
2023-01-18,Los Angeles,8379717,7533125,5627,36701
2023-01-19,Los Angeles,8380354,7533387,5619,35047
2023-01-20,Los Angeles,8380950,7533668,6343,32178
2023-01-21,Los Angeles,8381209,7533754,2656,31215
2023-01-22,Los Angeles,8381340,7533790,1199,30427
2023-01-23,Los Angeles,8381828,7533977,4880,32355
2023-01-24,Los Angeles,8382289,7534200,4760,31084
2023-01-25,Los Angeles,8382780,7534442,4709,30166
2023-01-26,Los Angeles,8383255,7534654,4518,29065
2023-01-27,Los Angeles,8383768,7534944,5400,28122
2023-01-28,Los Angeles,8383961,7535038,2235,27701
2023-01-29,Los Angeles,8384085,7535070,965,27467
2023-01-30,Los Angeles,8384474,7535253,3995,26582
2023-01-31,Los Angeles,8384871,7535437,4137,25959
2023-02-01,Los Angeles,8385292,7535634,4116,25366
2023-02-02,Los Angeles,8385717,7535828,4035,24883
2023-02-03,Los Angeles,8386217,7536103,4783,24266
2023-02-04,Los Angeles,8386313,7536189,1008,23039
2023-02-05,Los Angeles,8386351,7536203,249,22323
2023-02-06,Los Angeles,8386785,7536341,3872,22200
2023-02-07,Los Angeles,8387139,7536540,3429,21492
2023-02-08,Los Angeles,8387459,7536715,3471,20847
2023-02-09,Los Angeles,8387748,7536880,2992,19804
2023-01-01,Madera,97929,87937,0,394
2023-01-02,Madera,97933,87939,29,403
2023-01-03,Madera,97937,87941,64,382
2023-01-04,Madera,97959,87950,92,371
2023-01-05,Madera,97965,87953,106,369
2023-01-06,Madera,97970,87956,89,391
2023-01-07,Madera,97971,87957,35,415
2023-01-08,Madera,97971,87957,14,429
2023-01-09,Madera,97977,87961,63,463
2023-01-10,Madera,97986,87967,48,447
2023-01-11,Madera,97994,87973,72,427
2023-01-12,Madera,98001,87976,69,390
2023-01-13,Madera,98010,87978,77,378
2023-01-14,Madera,98010,87978,13,356
2023-01-15,Madera,98011,87978,8,350
2023-01-16,Madera,98015,87978,22,309
2023-01-17,Madera,98022,87983,54,315
2023-01-18,Madera,98039,87986,54,297
2023-01-19,Madera,98047,87997,92,320
2023-01-20,Madera,98050,88002,70,313
2023-01-21,Madera,98050,88003,16,316
2023-01-22,Madera,98051,88003,6,314
2023-01-23,Madera,98053,88005,42,334
2023-01-24,Madera,98054,88006,28,308
2023-01-25,Madera,98059,88009,56,310
2023-01-26,Madera,98065,88010,57,275
2023-01-27,Madera,98072,88016,46,251
2023-01-28,Madera,98075,88017,26,261
2023-01-29,Madera,98075,88017,4,259
2023-01-30,Madera,98079,88019,25,242
2023-01-31,Madera,98085,88021,28,242
2023-02-01,Madera,98086,88026,34,220
2023-02-02,Madera,98092,88033,51,214
2023-02-03,Madera,98102,88038,65,233
2023-02-04,Madera,98102,88038,10,217
2023-02-05,Madera,98102,88038,5,218
2023-02-06,Madera,98110,88039,25,218
2023-02-07,Madera,98112,88043,40,230
2023-02-08,Madera,98115,88049,40,236
2023-02-09,Madera,98116,88051,39,224
2023-01-01,Marin,252306,232958,5,1513
2023-01-02,Marin,252317,232959,105,1518
2023-01-03,Marin,252347,232968,344,1464
2023-01-04,Marin,252361,232974,211,1369
2023-01-05,Marin,252381,232984,238,1256
2023-01-06,Marin,252403,233001,394,1341
2023-01-07,Marin,252407,233001,116,1413
2023-01-08,Marin,252409,233001,65,1473
2023-01-09,Marin,252430,233014,260,1628
2023-01-10,Marin,252454,233026,225,1509
2023-01-11,Marin,252478,233040,238,1536
2023-01-12,Marin,252508,233057,273,1571
2023-01-13,Marin,252529,233074,296,1473
2023-01-14,Marin,252535,233075,74,1431
2023-01-15,Marin,252536,233075,43,1409
2023-01-16,Marin,252539,233080,97,1246
2023-01-17,Marin,252574,233088,244,1265
2023-01-18,Marin,252589,233100,198,1225
2023-01-19,Marin,252610,233110,224,1176
2023-01-20,Marin,252630,233121,244,1124
2023-01-21,Marin,252631,233122,70,1120
2023-01-22,Marin,252636,233122,34,1111
2023-01-23,Marin,252654,233135,202,1216
2023-01-24,Marin,252672,233143,150,1122
2023-01-25,Marin,252684,233147,148,1072
2023-01-26,Marin,252700,233166,190,1038
2023-01-27,Marin,252712,233179,180,974
2023-01-28,Marin,252715,233181,44,948
2023-01-29,Marin,252716,233181,23,937
2023-01-30,Marin,252732,233187,153,888
2023-01-31,Marin,252753,233196,141,879
2023-02-01,Marin,252768,233202,132,863
2023-02-02,Marin,252792,233208,141,814
2023-02-03,Marin,252811,233213,163,797
2023-02-04,Marin,252813,233214,24,777
2023-02-05,Marin,252813,233214,11,765
2023-02-06,Marin,252831,233226,173,785
2023-02-07,Marin,252850,233237,159,803
2023-02-08,Marin,252861,233249,143,814
2023-02-09,Marin,252874,233260,104,777
2023-01-01,Mariposa,10711,9188,0,35
2023-01-02,Mariposa,10711,9188,3,34
2023-01-03,Mariposa,10712,9188,5,32
2023-01-04,Mariposa,10713,9188,9,37
2023-01-05,Mariposa,10716,9189,38,60
2023-01-06,Mariposa,10718,9189,6,62
2023-01-07,Mariposa,10718,9189,4,65
2023-01-08,Mariposa,10718,9189,0,65
2023-01-09,Mariposa,10719,9189,5,67
2023-01-10,Mariposa,10720,9189,2,64
2023-01-11,Mariposa,10720,9189,5,60
2023-01-12,Mariposa,10720,9189,21,43
2023-01-13,Mariposa,10721,9189,2,39
2023-01-14,Mariposa,10721,9189,4,39
2023-01-15,Mariposa,10721,9189,0,39
2023-01-16,Mariposa,10721,9189,0,34
2023-01-17,Mariposa,10723,9189,5,37
2023-01-18,Mariposa,10724,9189,5,37
2023-01-19,Mariposa,10724,9189,17,33
2023-01-20,Mariposa,10725,9189,2,33
2023-01-21,Mariposa,10725,9189,0,29
2023-01-22,Mariposa,10725,9189,3,32
2023-01-23,Mariposa,10726,9190,6,38
2023-01-24,Mariposa,10726,9190,3,36
2023-01-25,Mariposa,10726,9190,4,35
2023-01-26,Mariposa,10727,9190,11,29
2023-01-27,Mariposa,10727,9190,2,29
2023-01-28,Mariposa,10728,9190,1,30
2023-01-29,Mariposa,10728,9190,0,27
2023-01-30,Mariposa,10728,9190,3,24
2023-01-31,Mariposa,10728,9190,3,24
2023-02-01,Mariposa,10728,9190,1,21
2023-02-02,Mariposa,10728,9190,3,13
2023-02-03,Mariposa,10728,9190,3,14
2023-02-04,Mariposa,10728,9190,2,15
2023-02-05,Mariposa,10728,9190,0,15
2023-02-06,Mariposa,10728,9190,1,13
2023-02-07,Mariposa,10728,9190,5,15
2023-02-08,Mariposa,10728,9190,1,15
2023-02-09,Mariposa,10728,9190,7,19
2023-01-01,Mendocino,67790,60492,3,296
2023-01-02,Mendocino,67791,60493,10,290
2023-01-03,Mendocino,67793,60494,80,304
2023-01-04,Mendocino,67794,60495,29,278
2023-01-05,Mendocino,67794,60496,42,238
2023-01-06,Mendocino,67800,60500,78,248
2023-01-07,Mendocino,67802,60501,15,257
2023-01-08,Mendocino,67802,60501,4,258
2023-01-09,Mendocino,67809,60507,48,296
2023-01-10,Mendocino,67816,60509,67,283
2023-01-11,Mendocino,67818,60510,31,285
2023-01-12,Mendocino,67821,60512,59,302
2023-01-13,Mendocino,67823,60512,47,271
2023-01-14,Mendocino,67823,60512,11,267
2023-01-15,Mendocino,67823,60512,3,266
2023-01-16,Mendocino,67825,60512,26,244
2023-01-17,Mendocino,67832,60513,59,236
2023-01-18,Mendocino,67835,60515,29,234
2023-01-19,Mendocino,67838,60517,56,231
2023-01-20,Mendocino,67840,60518,39,223
2023-01-21,Mendocino,67841,60518,7,219
2023-01-22,Mendocino,67841,60518,1,217
2023-01-23,Mendocino,67841,60518,20,211
2023-01-24,Mendocino,67849,60520,45,197
2023-01-25,Mendocino,67850,60520,28,196
2023-01-26,Mendocino,67859,60521,39,179
2023-01-27,Mendocino,67861,60522,15,155
2023-01-28,Mendocino,67862,60522,10,158
2023-01-29,Mendocino,67863,60522,3,160
2023-01-30,Mendocino,67869,60525,27,167
2023-01-31,Mendocino,67875,60526,43,165
2023-02-01,Mendocino,67876,60529,18,155
2023-02-02,Mendocino,67879,60530,35,151
2023-02-03,Mendocino,67883,60531,23,159
2023-02-04,Mendocino,67883,60531,5,154
2023-02-05,Mendocino,67883,60531,0,151
2023-02-06,Mendocino,67883,60535,24,148
2023-02-07,Mendocino,67888,60535,41,146
2023-02-08,Mendocino,67890,60538,22,150
2023-02-09,Mendocino,67894,60539,25,140
2023-01-01,Merced,180044,158205,1,657
2023-01-02,Merced,180056,158210,59,666
2023-01-03,Merced,180062,158214,103,636
2023-01-04,Merced,180081,158222,119,561
2023-01-05,Merced,180089,158227,95,526
2023-01-06,Merced,180101,158231,106,511
2023-01-07,Merced,180109,158234,62,545
2023-01-08,Merced,180113,158234,30,574
2023-01-09,Merced,180120,158237,71,586
2023-01-10,Merced,180131,158244,75,558
2023-01-11,Merced,180144,158253,103,542
2023-01-12,Merced,180146,158257,64,511
2023-01-13,Merced,180154,158259,64,469
2023-01-14,Merced,180158,158263,46,453
2023-01-15,Merced,180158,158265,13,436
2023-01-16,Merced,180165,158269,41,406
2023-01-17,Merced,180169,158270,109,440
2023-01-18,Merced,180180,158274,89,426
2023-01-19,Merced,180183,158275,42,404
2023-01-20,Merced,180189,158277,91,431
2023-01-21,Merced,180190,158277,23,408
2023-01-22,Merced,180193,158277,13,408
2023-01-23,Merced,180201,158281,38,405
2023-01-24,Merced,180208,158284,45,341
2023-01-25,Merced,180216,158289,82,334
2023-01-26,Merced,180218,158291,53,345
2023-01-27,Merced,180219,158299,37,291
2023-01-28,Merced,180222,158302,27,295
2023-01-29,Merced,180223,158302,9,291
2023-01-30,Merced,180227,158303,32,285
2023-01-31,Merced,180231,158307,69,309
2023-02-01,Merced,180240,158309,62,289
2023-02-02,Merced,180246,158310,47,283
2023-02-03,Merced,180254,158314,48,294
2023-02-04,Merced,180256,158317,25,292
2023-02-05,Merced,180258,158317,8,291
2023-02-06,Merced,180264,158317,49,308
2023-02-07,Merced,180270,158320,43,282
2023-02-08,Merced,180271,158326,56,276
2023-02-09,Merced,180276,158327,31,260
2023-01-01,Modoc,4017,3742,0,13
2023-01-02,Modoc,4017,3742,1,14
2023-01-03,Modoc,4017,3742,3,14
2023-01-04,Modoc,4018,3742,1,12
2023-01-05,Modoc,4018,3743,9,16
2023-01-06,Modoc,4019,3743,2,16
2023-01-07,Modoc,4019,3743,0,16
2023-01-08,Modoc,4019,3743,0,16
2023-01-09,Modoc,4019,3743,2,17
2023-01-10,Modoc,4019,3743,4,18
2023-01-11,Modoc,4020,3743,2,19
2023-01-12,Modoc,4020,3743,4,14
2023-01-13,Modoc,4020,3743,1,13
2023-01-14,Modoc,4020,3743,0,13
2023-01-15,Modoc,4020,3743,0,13
2023-01-16,Modoc,4020,3743,0,11
2023-01-17,Modoc,4020,3743,1,8
2023-01-18,Modoc,4020,3743,0,6
2023-01-19,Modoc,4021,3744,7,9
2023-01-20,Modoc,4021,3744,2,10
2023-01-21,Modoc,4021,3744,0,10
2023-01-22,Modoc,4021,3744,0,10
2023-01-23,Modoc,4021,3744,0,10
2023-01-24,Modoc,4021,3744,1,10
2023-01-25,Modoc,4021,3744,0,10
2023-01-26,Modoc,4021,3744,4,7
2023-01-27,Modoc,4021,3744,0,5
2023-01-28,Modoc,4021,3744,0,5
2023-01-29,Modoc,4021,3744,0,5
2023-01-30,Modoc,4021,3744,1,6
2023-01-31,Modoc,4021,3744,3,8
2023-02-01,Modoc,4022,3744,1,9
2023-02-02,Modoc,4022,3744,3,8
2023-02-03,Modoc,4022,3744,6,14
2023-02-04,Modoc,4022,3744,0,14
2023-02-05,Modoc,4022,3744,0,14
2023-02-06,Modoc,4022,3744,0,13
2023-02-07,Modoc,4022,3744,0,10
2023-02-08,Modoc,4022,3744,0,9
2023-02-09,Modoc,4022,3745,3,9
2023-01-01,Mono,10173,9145,0,28
2023-01-02,Mono,10174,9145,5,27
2023-01-03,Mono,10174,9145,6,24
2023-01-04,Mono,10175,9145,6,28
2023-01-05,Mono,10175,9145,2,25
2023-01-06,Mono,10175,9145,3,23
2023-01-07,Mono,10175,9146,4,26
2023-01-08,Mono,10175,9146,1,27
2023-01-09,Mono,10176,9146,1,23
2023-01-10,Mono,10176,9146,0,17
2023-01-11,Mono,10176,9146,4,15
2023-01-12,Mono,10176,9146,4,17
2023-01-13,Mono,10176,9146,0,14
2023-01-14,Mono,10176,9146,1,11
2023-01-15,Mono,10176,9146,0,10
2023-01-16,Mono,10176,9146,0,9
2023-01-17,Mono,10176,9146,2,11
2023-01-18,Mono,10181,9146,8,15
2023-01-19,Mono,10181,9148,5,16
2023-01-20,Mono,10181,9148,5,21
2023-01-21,Mono,10181,9148,0,20
2023-01-22,Mono,10181,9148,0,20
2023-01-23,Mono,10182,9148,13,33
2023-01-24,Mono,10183,9148,5,36
2023-01-25,Mono,10183,9148,2,30
2023-01-26,Mono,10184,9149,6,31
2023-01-27,Mono,10185,9149,7,33
2023-01-28,Mono,10185,9149,0,33
2023-01-29,Mono,10185,9149,0,33
2023-01-30,Mono,10185,9149,4,24
2023-01-31,Mono,10185,9149,2,21
2023-02-01,Mono,10185,9149,0,19
2023-02-02,Mono,10185,9149,5,18
2023-02-03,Mono,10185,9149,5,16
2023-02-04,Mono,10185,9149,0,16
2023-02-05,Mono,10185,9149,0,16
2023-02-06,Mono,10185,9149,0,12
2023-02-07,Mono,10185,9149,6,16
2023-02-08,Mono,10185,9149,2,18
2023-02-09,Mono,10186,9149,6,19
2023-01-01,Monterey,361866,324260,3,1730
2023-01-02,Monterey,361881,324264,142,1673
2023-01-03,Monterey,361911,324279,353,1676
2023-01-04,Monterey,361933,324290,313,1594
2023-01-05,Monterey,361987,324309,356,1609
2023-01-06,Monterey,362033,324338,475,1707
2023-01-07,Monterey,362047,324344,169,1811
2023-01-08,Monterey,362052,324345,58,1866
2023-01-09,Monterey,362075,324357,240,1964
2023-01-10,Monterey,362098,324370,219,1830
2023-01-11,Monterey,362125,324389,239,1756
2023-01-12,Monterey,362161,324404,233,1633
2023-01-13,Monterey,362190,324414,248,1406
2023-01-14,Monterey,362197,324421,111,1348
2023-01-15,Monterey,362203,324422,56,1346
2023-01-16,Monterey,362211,324424,109,1215
2023-01-17,Monterey,362235,324454,232,1228
2023-01-18,Monterey,362256,324475,212,1201
2023-01-19,Monterey,362286,324483,199,1167
2023-01-20,Monterey,362344,324505,379,1298
2023-01-21,Monterey,362357,324507,151,1338
2023-01-22,Monterey,362359,324507,40,1322
2023-01-23,Monterey,362385,324519,196,1409
2023-01-24,Monterey,362409,324536,154,1331
2023-01-25,Monterey,362434,324541,192,1311
2023-01-26,Monterey,362459,324557,171,1283
2023-01-27,Monterey,362487,324581,248,1152
2023-01-28,Monterey,362500,324584,124,1125
2023-01-29,Monterey,362504,324584,46,1131
2023-01-30,Monterey,362527,324594,176,1111
2023-01-31,Monterey,362548,324601,200,1157
2023-02-01,Monterey,362564,324611,176,1141
2023-02-02,Monterey,362584,324623,159,1129
2023-02-03,Monterey,362620,324645,294,1175
2023-02-04,Monterey,362628,324646,48,1099
2023-02-05,Monterey,362629,324646,8,1061
2023-02-06,Monterey,362647,324659,192,1077
2023-02-07,Monterey,362662,324668,135,1012
2023-02-08,Monterey,362681,324679,176,1012
2023-02-09,Monterey,362699,324697,151,1004
2023-01-01,Napa,123375,111218,0,486
2023-01-02,Napa,123377,111219,34,495
2023-01-03,Napa,123386,111219,123,485
2023-01-04,Napa,123390,111226,98,463
2023-01-05,Napa,123398,111229,96,446
2023-01-06,Napa,123405,111231,129,498
2023-01-07,Napa,123405,111231,35,515
2023-01-08,Napa,123409,111231,29,544
2023-01-09,Napa,123414,111232,77,587
2023-01-10,Napa,123418,111236,77,541
2023-01-11,Napa,123426,111239,105,548
2023-01-12,Napa,123432,111250,116,568
2023-01-13,Napa,123439,111258,94,533
2023-01-14,Napa,123442,111258,28,526
2023-01-15,Napa,123442,111258,10,507
2023-01-16,Napa,123445,111258,18,448
2023-01-17,Napa,123453,111265,66,437
2023-01-18,Napa,123462,111273,94,426
2023-01-19,Napa,123470,111282,86,396
2023-01-20,Napa,123480,111289,84,386
2023-01-21,Napa,123482,111290,15,373
2023-01-22,Napa,123483,111290,7,370
2023-01-23,Napa,123485,111292,36,388
2023-01-24,Napa,123491,111294,69,391
2023-01-25,Napa,123503,111296,118,415
2023-01-26,Napa,123509,111303,67,396
2023-01-27,Napa,123516,111304,72,384
2023-01-28,Napa,123521,111304,24,393
2023-01-29,Napa,123524,111304,16,402
2023-01-30,Napa,123526,111308,52,418
2023-01-31,Napa,123530,111312,57,406
2023-02-01,Napa,123535,111315,55,343
2023-02-02,Napa,123543,111316,59,335
2023-02-03,Napa,123546,111319,71,334
2023-02-04,Napa,123546,111319,1,311
2023-02-05,Napa,123547,111319,2,297
2023-02-06,Napa,123550,111319,41,286
2023-02-07,Napa,123560,111321,62,291
2023-02-08,Napa,123567,111326,58,294
2023-02-09,Napa,123574,111327,53,288
2023-01-01,Nevada,71679,64417,0,364
2023-01-02,Nevada,71681,64417,44,385
2023-01-03,Nevada,71684,64417,65,393
2023-01-04,Nevada,71691,64419,88,336
2023-01-05,Nevada,71699,64420,59,320
2023-01-06,Nevada,71701,64421,55,323
2023-01-07,Nevada,71705,64424,24,335
2023-01-08,Nevada,71706,64424,15,350
2023-01-09,Nevada,71710,64424,49,355
2023-01-10,Nevada,71715,64425,56,346
2023-01-11,Nevada,71716,64427,85,343
2023-01-12,Nevada,71722,64428,51,335
2023-01-13,Nevada,71727,64429,62,342
2023-01-14,Nevada,71730,64430,14,332
2023-01-15,Nevada,71731,64430,8,325
2023-01-16,Nevada,71733,64431,38,314
2023-01-17,Nevada,71737,64435,44,302
2023-01-18,Nevada,71742,64438,67,284
2023-01-19,Nevada,71744,64439,52,285
2023-01-20,Nevada,71745,64442,47,270
2023-01-21,Nevada,71745,64443,5,261
2023-01-22,Nevada,71745,64443,8,261
2023-01-23,Nevada,71753,64446,58,281
2023-01-24,Nevada,71753,64448,35,272
2023-01-25,Nevada,71756,64450,51,256
2023-01-26,Nevada,71759,64452,27,231
2023-01-27,Nevada,71760,64454,42,226
2023-01-28,Nevada,71760,64455,8,229
2023-01-29,Nevada,71761,64455,4,225
2023-01-30,Nevada,71762,64456,34,201
2023-01-31,Nevada,71765,64457,41,207
2023-02-01,Nevada,71769,64460,48,204
2023-02-02,Nevada,71773,64461,27,204
2023-02-03,Nevada,71776,64462,51,213
2023-02-04,Nevada,71776,64463,2,207
2023-02-05,Nevada,71776,64463,0,203
2023-02-06,Nevada,71782,64463,27,196
2023-02-07,Nevada,71785,64464,31,186
2023-02-08,Nevada,71787,64465,45,183
2023-02-09,Nevada,71789,64465,22,178
2023-01-01,Orange,2587741,2364851,117,17023
2023-01-02,Orange,2587903,2364876,1341,16938
2023-01-03,Orange,2588227,2364974,3469,16527
2023-01-04,Orange,2588496,2365067,3235,16124
2023-01-05,Orange,2588781,2365179,3080,15678
2023-01-06,Orange,2589117,2365325,3959,16245
2023-01-07,Orange,2589247,2365369,1802,17003
2023-01-08,Orange,2589320,2365389,831,17717
2023-01-09,Orange,2589587,2365456,2654,19030
2023-01-10,Orange,2589792,2365539,2054,17615
2023-01-11,Orange,2589995,2365624,2268,16648
2023-01-12,Orange,2590162,2365734,2229,15797
2023-01-13,Orange,2590391,2365847,2875,14713
2023-01-14,Orange,2590475,2365877,1122,14033
2023-01-15,Orange,2590540,2365886,701,13903
2023-01-16,Orange,2590678,2365935,1305,12554
2023-01-17,Orange,2590857,2366023,1727,12227
2023-01-18,Orange,2591004,2366106,1511,11470
2023-01-19,Orange,2591165,2366189,1509,10750
2023-01-20,Orange,2591367,2366291,1812,9687
2023-01-21,Orange,2591446,2366311,746,9311
2023-01-22,Orange,2591486,2366317,354,8964
2023-01-23,Orange,2591630,2366374,1318,8977
2023-01-24,Orange,2591765,2366444,1216,8466
2023-01-25,Orange,2591898,2366518,1247,8202
2023-01-26,Orange,2592019,2366590,1211,7904
2023-01-27,Orange,2592186,2366693,1489,7581
2023-01-28,Orange,2592253,2366732,701,7536
2023-01-29,Orange,2592293,2366745,341,7523
2023-01-30,Orange,2592419,2366810,1131,7336
2023-01-31,Orange,2592546,2366877,1084,7204
2023-02-01,Orange,2592668,2366947,1027,6984
2023-02-02,Orange,2592762,2367012,1054,6827
2023-02-03,Orange,2592908,2367087,1362,6700
2023-02-04,Orange,2592930,2367102,213,6212
2023-02-05,Orange,2592942,2367103,54,5925
2023-02-06,Orange,2593074,2367153,962,5756
2023-02-07,Orange,2593189,2367200,860,5532
2023-02-08,Orange,2593266,2367246,790,5295
2023-02-09,Orange,2593347,2367298,724,4965
2023-01-01,Placer,294012,273624,8,1695
2023-01-02,Placer,294026,273627,115,1697
2023-01-03,Placer,294044,273637,259,1556
2023-01-04,Placer,294064,273652,264,1441
2023-01-05,Placer,294081,273663,256,1327
2023-01-06,Placer,294104,273675,372,1333
2023-01-07,Placer,294113,273679,111,1385
2023-01-08,Placer,294118,273680,56,1433
2023-01-09,Placer,294126,273686,246,1564
2023-01-10,Placer,294140,273701,203,1508
2023-01-11,Placer,294159,273714,229,1473
2023-01-12,Placer,294172,273720,201,1418
2023-01-13,Placer,294188,273727,244,1290
2023-01-14,Placer,294196,273728,45,1224
2023-01-15,Placer,294199,273730,26,1194
2023-01-16,Placer,294210,273732,91,1039
2023-01-17,Placer,294226,273740,190,1026
2023-01-18,Placer,294242,273747,197,994
2023-01-19,Placer,294255,273752,159,952
2023-01-20,Placer,294264,273760,165,873
2023-01-21,Placer,294273,273760,51,879
2023-01-22,Placer,294274,273760,19,872
2023-01-23,Placer,294283,273771,126,907
2023-01-24,Placer,294293,273780,112,829
2023-01-25,Placer,294306,273788,137,769
2023-01-26,Placer,294323,273794,125,735
2023-01-27,Placer,294334,273803,147,717
2023-01-28,Placer,294335,273805,32,698
2023-01-29,Placer,294338,273806,14,693
2023-01-30,Placer,294355,273811,132,699
2023-01-31,Placer,294372,273822,116,703
2023-02-01,Placer,294378,273832,138,704
2023-02-02,Placer,294386,273837,125,704
2023-02-03,Placer,294400,273839,124,681
2023-02-04,Placer,294401,273839,13,662
2023-02-05,Placer,294401,273839,7,655
2023-02-06,Placer,294410,273845,107,630
2023-02-07,Placer,294416,273856,93,607
2023-02-08,Placer,294422,273862,80,549
2023-02-09,Placer,294430,273864,95,519
2023-01-01,Plumas,11461,10472,0,55
2023-01-02,Plumas,11461,10472,2,57
2023-01-03,Plumas,11461,10472,7,49
2023-01-04,Plumas,11462,10473,11,43
2023-01-05,Plumas,11463,10473,1,27
2023-01-06,Plumas,11463,10473,2,23
2023-01-07,Plumas,11464,10473,1,24
2023-01-08,Plumas,11464,10473,1,25
2023-01-09,Plumas,11464,10473,3,26
2023-01-10,Plumas,11465,10473,13,32
2023-01-11,Plumas,11465,10473,11,32
2023-01-12,Plumas,11467,10473,12,43
2023-01-13,Plumas,11467,10473,9,50
2023-01-14,Plumas,11467,10473,1,50
2023-01-15,Plumas,11467,10473,0,49
2023-01-16,Plumas,11467,10473,1,47
2023-01-17,Plumas,11468,10473,4,38
2023-01-18,Plumas,11469,10473,12,39
2023-01-19,Plumas,11470,10473,5,32
2023-01-20,Plumas,11470,10473,9,32
2023-01-21,Plumas,11470,10473,0,31
2023-01-22,Plumas,11470,10473,0,31
2023-01-23,Plumas,11470,10473,4,34
2023-01-24,Plumas,11470,10473,7,37
2023-01-25,Plumas,11472,10474,4,29
2023-01-26,Plumas,11472,10474,5,29
2023-01-27,Plumas,11472,10474,9,29
2023-01-28,Plumas,11472,10474,0,29
2023-01-29,Plumas,11472,10474,0,29
2023-01-30,Plumas,11472,10474,5,30
2023-01-31,Plumas,11472,10474,3,26
2023-02-01,Plumas,11472,10474,8,30
2023-02-02,Plumas,11473,10475,3,28
2023-02-03,Plumas,11474,10475,3,22
2023-02-04,Plumas,11474,10475,0,22
2023-02-05,Plumas,11474,10475,0,22
2023-02-06,Plumas,11474,10475,5,22
2023-02-07,Plumas,11475,10476,5,24
2023-02-08,Plumas,11475,10477,9,25
2023-02-09,Plumas,11475,10477,2,24
2023-01-01,Riverside,1658162,1490115,42,7995
2023-01-02,Riverside,1658251,1490131,673,8008
2023-01-03,Riverside,1658401,1490172,1584,7665
2023-01-04,Riverside,1658513,1490211,1412,7348
2023-01-05,Riverside,1658637,1490231,1448,7140
2023-01-06,Riverside,1658772,1490280,1937,7485
2023-01-07,Riverside,1658854,1490297,714,7810
2023-01-08,Riverside,1658888,1490303,419,8187
2023-01-09,Riverside,1659016,1490338,1302,8816
2023-01-10,Riverside,1659116,1490368,1042,8274
2023-01-11,Riverside,1659221,1490420,1165,8027
2023-01-12,Riverside,1659329,1490468,1117,7696
2023-01-13,Riverside,1659466,1490525,1449,7208
2023-01-14,Riverside,1659503,1490535,530,7024
2023-01-15,Riverside,1659523,1490543,269,6874
2023-01-16,Riverside,1659595,1490561,537,6109
2023-01-17,Riverside,1659689,1490604,1079,6146
2023-01-18,Riverside,1659798,1490652,851,5832
2023-01-19,Riverside,1659880,1490679,831,5546
2023-01-20,Riverside,1659988,1490717,1051,5148
2023-01-21,Riverside,1660044,1490725,362,4980
2023-01-22,Riverside,1660083,1490733,173,4884
2023-01-23,Riverside,1660149,1490754,686,5033
2023-01-24,Riverside,1660226,1490778,710,4664
2023-01-25,Riverside,1660324,1490822,738,4551
2023-01-26,Riverside,1660395,1490845,644,4364
2023-01-27,Riverside,1660485,1490881,812,4125
2023-01-28,Riverside,1660511,1490896,254,4017
2023-01-29,Riverside,1660549,1490905,210,4054
2023-01-30,Riverside,1660632,1490937,658,4026
2023-01-31,Riverside,1660716,1490973,614,3930
2023-02-01,Riverside,1660798,1491010,665,3857
2023-02-02,Riverside,1660865,1491045,582,3795
2023-02-03,Riverside,1660942,1491084,767,3750
2023-02-04,Riverside,1660957,1491088,84,3580
2023-02-05,Riverside,1660961,1491089,20,3390
2023-02-06,Riverside,1661018,1491123,586,3318
2023-02-07,Riverside,1661079,1491155,571,3275
2023-02-08,Riverside,1661142,1491193,496,3106
2023-02-09,Riverside,1661170,1491203,368,2892
2023-01-01,Sacramento,1170310,1078013,19,7160
2023-01-02,Sacramento,1170359,1078031,410,7106
2023-01-03,Sacramento,1170503,1078096,1552,6957
2023-01-04,Sacramento,1170596,1078143,1123,6395
2023-01-05,Sacramento,1170676,1078192,1124,5940
2023-01-06,Sacramento,1170822,1078268,1568,6054
2023-01-07,Sacramento,1170869,1078298,639,6435
2023-01-08,Sacramento,1170886,1078300,175,6591
2023-01-09,Sacramento,1170971,1078344,1021,7202
2023-01-10,Sacramento,1171055,1078383,868,6518
2023-01-11,Sacramento,1171135,1078428,904,6299
2023-01-12,Sacramento,1171219,1078473,989,6164
2023-01-13,Sacramento,1171334,1078543,1103,5699
2023-01-14,Sacramento,1171355,1078553,323,5383
2023-01-15,Sacramento,1171370,1078561,173,5381
2023-01-16,Sacramento,1171403,1078576,335,4695
2023-01-17,Sacramento,1171488,1078640,959,4786
2023-01-18,Sacramento,1171570,1078688,910,4792
2023-01-19,Sacramento,1171638,1078730,815,4618
2023-01-20,Sacramento,1171723,1078794,852,4367
2023-01-21,Sacramento,1171751,1078816,263,4307
2023-01-22,Sacramento,1171766,1078821,110,4244
2023-01-23,Sacramento,1171850,1078869,771,4680
2023-01-24,Sacramento,1171942,1078940,760,4481
2023-01-25,Sacramento,1172028,1078984,740,4311
2023-01-26,Sacramento,1172092,1079017,656,4152
2023-01-27,Sacramento,1172172,1079063,755,4055
2023-01-28,Sacramento,1172196,1079069,210,4002
2023-01-29,Sacramento,1172205,1079078,86,3978
2023-01-30,Sacramento,1172282,1079128,694,3901
2023-01-31,Sacramento,1172355,1079173,639,3780
2023-02-01,Sacramento,1172422,1079207,642,3682
2023-02-02,Sacramento,1172491,1079242,625,3651
2023-02-03,Sacramento,1172563,1079308,723,3619
2023-02-04,Sacramento,1172570,1079313,96,3505
2023-02-05,Sacramento,1172573,1079314,35,3454
2023-02-06,Sacramento,1172639,1079363,631,3391
2023-02-07,Sacramento,1172696,1079404,545,3297
2023-02-08,Sacramento,1172758,1079434,530,3185
2023-02-09,Sacramento,1172793,1079476,494,3054
2023-01-01,San Benito,50769,46476,0,268
2023-01-02,San Benito,50770,46476,20,261
2023-01-03,San Benito,50771,46478,34,229
2023-01-04,San Benito,50776,46482,55,201
2023-01-05,San Benito,50781,46484,38,197
2023-01-06,San Benito,50787,46485,68,218
2023-01-07,San Benito,50787,46488,33,248
2023-01-08,San Benito,50787,46488,20,268
2023-01-09,San Benito,50787,46489,24,272
2023-01-10,San Benito,50788,46489,20,258
2023-01-11,San Benito,50791,46492,54,257
2023-01-12,San Benito,50796,46495,38,257
2023-01-13,San Benito,50800,46498,36,225
2023-01-14,San Benito,50801,46498,15,207
2023-01-15,San Benito,50801,46498,8,195
2023-01-16,San Benito,50801,46498,7,178
2023-01-17,San Benito,50807,46504,35,193
2023-01-18,San Benito,50810,46509,35,174
2023-01-19,San Benito,50815,46510,22,158
2023-01-20,San Benito,50819,46515,34,156
2023-01-21,San Benito,50822,46516,20,161
2023-01-22,San Benito,50822,46516,3,156
2023-01-23,San Benito,50825,46516,22,171
2023-01-24,San Benito,50826,46517,17,153
2023-01-25,San Benito,50829,46521,44,162
2023-01-26,San Benito,50832,46521,27,167
2023-01-27,San Benito,50836,46522,29,162
2023-01-28,San Benito,50838,46522,10,152
2023-01-29,San Benito,50839,46522,2,151
2023-01-30,San Benito,50841,46524,19,148
2023-01-31,San Benito,50843,46526,29,160
2023-02-01,San Benito,50845,46526,29,145
2023-02-02,San Benito,50846,46526,24,142
2023-02-03,San Benito,50846,46527,31,144
2023-02-04,San Benito,50848,46530,6,140
2023-02-05,San Benito,50851,46530,8,146
2023-02-06,San Benito,50857,46531,13,140
2023-02-07,San Benito,50857,46533,14,125
2023-02-08,San Benito,50857,46534,31,127
2023-02-09,San Benito,50858,46535,18,121
2023-01-01,San Bernardino,1398209,1271903,24,7119
2023-01-02,San Bernardino,1398296,1271924,604,7102
2023-01-03,San Bernardino,1398419,1271979,1404,6826
2023-01-04,San Bernardino,1398554,1272036,1234,6542
2023-01-05,San Bernardino,1398695,1272077,1146,6233
2023-01-06,San Bernardino,1398838,1272134,1600,6365
2023-01-07,San Bernardino,1398905,1272168,837,6849
2023-01-08,San Bernardino,1398929,1272181,317,7142
2023-01-09,San Bernardino,1399024,1272223,1136,7674
2023-01-10,San Bernardino,1399097,1272255,872,7142
2023-01-11,San Bernardino,1399212,1272298,1084,6992
2023-01-12,San Bernardino,1399295,1272344,1004,6850
2023-01-13,San Bernardino,1399421,1272405,1292,6542
2023-01-14,San Bernardino,1399462,1272431,651,6356
2023-01-15,San Bernardino,1399486,1272438,217,6256
2023-01-16,San Bernardino,1399552,1272461,510,5630
2023-01-17,San Bernardino,1399641,1272513,930,5688
2023-01-18,San Bernardino,1399718,1272553,742,5346
2023-01-19,San Bernardino,1399797,1272594,754,5096
2023-01-20,San Bernardino,1399885,1272630,894,4698
2023-01-21,San Bernardino,1399932,1272645,447,4494
2023-01-22,San Bernardino,1399950,1272650,132,4409
2023-01-23,San Bernardino,1400006,1272694,672,4571
2023-01-24,San Bernardino,1400061,1272734,595,4236
2023-01-25,San Bernardino,1400145,1272763,619,4113
2023-01-26,San Bernardino,1400197,1272804,572,3931
2023-01-27,San Bernardino,1400278,1272848,735,3772
2023-01-28,San Bernardino,1400327,1272869,339,3664
2023-01-29,San Bernardino,1400353,1272881,143,3675
2023-01-30,San Bernardino,1400414,1272918,511,3514
2023-01-31,San Bernardino,1400495,1272953,593,3512
2023-02-01,San Bernardino,1400573,1272991,625,3518
2023-02-02,San Bernardino,1400648,1273025,505,3451
2023-02-03,San Bernardino,1400717,1273058,640,3356
2023-02-04,San Bernardino,1400726,1273074,150,3167
2023-02-05,San Bernardino,1400734,1273076,50,3074
2023-02-06,San Bernardino,1400805,1273101,536,3099
2023-02-07,San Bernardino,1400878,1273130,520,3026
2023-02-08,San Bernardino,1400931,1273160,485,2886
2023-02-09,San Bernardino,1400967,1273181,318,2699
2023-01-01,San Diego,2926298,2550430,183,19075
2023-01-02,San Diego,2926654,2550454,1472,19085
2023-01-03,San Diego,2927346,2550593,3753,18298
2023-01-04,San Diego,2927951,2550697,3383,17857
2023-01-05,San Diego,2928464,2550795,3082,16785
2023-01-06,San Diego,2929015,2550935,3981,16888
2023-01-07,San Diego,2929405,2551008,2118,17972
2023-01-08,San Diego,2929669,2551035,1167,18956
2023-01-09,San Diego,2930083,2551133,2942,20426
2023-01-10,San Diego,2930511,2551240,2635,19308
2023-01-11,San Diego,2930853,2551360,2677,18602
2023-01-12,San Diego,2931349,2551471,2673,18193
2023-01-13,San Diego,2931813,2551606,3032,17244
2023-01-14,San Diego,2932115,2551693,1677,16803
2023-01-15,San Diego,2932397,2551712,955,16591
2023-01-16,San Diego,2932692,2551755,1374,15023
2023-01-17,San Diego,2933074,2551877,2204,14592
2023-01-18,San Diego,2933474,2551993,2246,14161
2023-01-19,San Diego,2933841,2552099,1994,13482
2023-01-20,San Diego,2934288,2552215,2439,12889
2023-01-21,San Diego,2934544,2552265,1090,12302
2023-01-22,San Diego,2934751,2552283,684,12031
2023-01-23,San Diego,2935063,2552357,1821,12478
2023-01-24,San Diego,2935401,2552459,1770,12044
2023-01-25,San Diego,2935799,2552563,1921,11719
2023-01-26,San Diego,2936102,2552671,1571,11296
2023-01-27,San Diego,2936546,2552782,1895,10752
2023-01-28,San Diego,2936841,2552829,1317,10979
2023-01-29,San Diego,2937044,2552852,608,10903
2023-01-30,San Diego,2937393,2552921,1596,10678
2023-01-31,San Diego,2937713,2553012,1507,10415
2023-02-01,San Diego,2937987,2553105,1553,10047
2023-02-02,San Diego,2938326,2553202,1512,9988
2023-02-03,San Diego,2938735,2553294,1847,9940
2023-02-04,San Diego,2938874,2553346,561,9184
2023-02-05,San Diego,2938968,2553358,255,8831
2023-02-06,San Diego,2939367,2553434,1600,8835
2023-02-07,San Diego,2939658,2553512,1218,8546
2023-02-08,San Diego,2939973,2553608,1318,8311
2023-02-09,San Diego,2940152,2553677,1027,7826
2023-01-01,San Francisco,833861,756761,4,7161
2023-01-02,San Francisco,833967,756772,629,7103
2023-01-03,San Francisco,834085,756818,1277,6801
2023-01-04,San Francisco,834185,756837,1045,6176
2023-01-05,San Francisco,834283,756868,1024,5634
2023-01-06,San Francisco,834440,756941,1801,5935
2023-01-07,San Francisco,834515,756950,698,6478
2023-01-08,San Francisco,834551,756953,271,6745
2023-01-09,San Francisco,834658,756980,1200,7316
2023-01-10,San Francisco,834749,757005,904,6943
2023-01-11,San Francisco,834878,757042,1158,7056
2023-01-12,San Francisco,834995,757079,1191,7223
2023-01-13,San Francisco,835155,757154,1426,6848
2023-01-14,San Francisco,835191,757165,495,6645
2023-01-15,San Francisco,835209,757165,218,6592
2023-01-16,San Francisco,835292,757179,560,5952
2023-01-17,San Francisco,835378,757211,916,5964
2023-01-18,San Francisco,835499,757246,1053,5859
2023-01-19,San Francisco,835613,757289,1074,5742
2023-01-20,San Francisco,835724,757343,1002,5318
2023-01-21,San Francisco,835771,757353,339,5162
2023-01-22,San Francisco,835792,757356,116,5060
2023-01-23,San Francisco,835880,757386,683,5183
2023-01-24,San Francisco,835969,757413,669,4936
2023-01-25,San Francisco,836063,757442,868,4751
2023-01-26,San Francisco,836170,757471,907,4584
2023-01-27,San Francisco,836297,757524,943,4525
2023-01-28,San Francisco,836339,757539,318,4504
2023-01-29,San Francisco,836359,757540,121,4509
2023-01-30,San Francisco,836432,757569,724,4550
2023-01-31,San Francisco,836513,757607,663,4544
2023-02-01,San Francisco,836586,757636,753,4429
2023-02-02,San Francisco,836657,757661,623,4145
2023-02-03,San Francisco,836751,757707,760,3962
2023-02-04,San Francisco,836774,757715,141,3785
2023-02-05,San Francisco,836780,757715,38,3702
2023-02-06,San Francisco,836854,757731,535,3513
2023-02-07,San Francisco,836910,757765,555,3405
2023-02-08,San Francisco,836997,757793,683,3335
2023-02-09,San Francisco,837066,757825,529,3241
2023-01-01,San Joaquin,564869,510918,5,2938
2023-01-02,San Joaquin,564902,510933,247,2988
2023-01-03,San Joaquin,564949,510947,567,2882
2023-01-04,San Joaquin,564975,510966,411,2549
2023-01-05,San Joaquin,565024,510993,478,2361
2023-01-06,San Joaquin,565076,511006,571,2354
2023-01-07,San Joaquin,565092,511012,274,2553
2023-01-08,San Joaquin,565104,511014,111,2659
2023-01-09,San Joaquin,565126,511036,443,2855
2023-01-10,San Joaquin,565163,511053,420,2708
2023-01-11,San Joaquin,565199,511069,383,2680
2023-01-12,San Joaquin,565245,511080,475,2677
2023-01-13,San Joaquin,565286,511109,473,2579
2023-01-14,San Joaquin,565303,511115,152,2457
2023-01-15,San Joaquin,565310,511118,77,2423
2023-01-16,San Joaquin,565335,511127,151,2131
2023-01-17,San Joaquin,565360,511141,346,2057
2023-01-18,San Joaquin,565388,511154,345,2019
2023-01-19,San Joaquin,565426,511165,311,1855
2023-01-20,San Joaquin,565453,511186,383,1765
2023-01-21,San Joaquin,565487,511199,163,1776
2023-01-22,San Joaquin,565495,511201,34,1733
2023-01-23,San Joaquin,565525,511214,283,1865
2023-01-24,San Joaquin,565553,511229,329,1848
2023-01-25,San Joaquin,565579,511246,279,1782
2023-01-26,San Joaquin,565605,511256,237,1708
2023-01-27,San Joaquin,565632,511271,332,1657
2023-01-28,San Joaquin,565636,511277,76,1570
2023-01-29,San Joaquin,565643,511284,51,1587
2023-01-30,San Joaquin,565673,511297,255,1559
2023-01-31,San Joaquin,565712,511313,321,1551
2023-02-01,San Joaquin,565726,511331,210,1482
2023-02-02,San Joaquin,565755,511345,247,1492
2023-02-03,San Joaquin,565790,511354,311,1471
2023-02-04,San Joaquin,565799,511363,102,1497
2023-02-05,San Joaquin,565808,511364,91,1537
2023-02-06,San Joaquin,565822,511376,203,1485
2023-02-07,San Joaquin,565849,511386,219,1383
2023-02-08,San Joaquin,565867,511395,203,1376
2023-02-09,San Joaquin,565880,511399,185,1314
2023-01-01,San Luis Obispo,203743,185191,5,1000
2023-01-02,San Luis Obispo,203751,185191,116,1013
2023-01-03,San Luis Obispo,203768,185204,236,1032
2023-01-04,San Luis Obispo,203787,185212,190,1016
2023-01-05,San Luis Obispo,203796,185220,162,977
2023-01-06,San Luis Obispo,203810,185230,248,1006
2023-01-07,San Luis Obispo,203818,185230,101,1058
2023-01-08,San Luis Obispo,203820,185232,77,1130
2023-01-09,San Luis Obispo,203825,185238,93,1107
2023-01-10,San Luis Obispo,203833,185238,65,936
2023-01-11,San Luis Obispo,203847,185248,122,868
2023-01-12,San Luis Obispo,203855,185254,128,834
2023-01-13,San Luis Obispo,203867,185275,176,762
2023-01-14,San Luis Obispo,203873,185276,58,719
2023-01-15,San Luis Obispo,203875,185277,40,682
2023-01-16,San Luis Obispo,203883,185278,88,677
2023-01-17,San Luis Obispo,203895,185288,140,752
2023-01-18,San Luis Obispo,203907,185296,131,761
2023-01-19,San Luis Obispo,203921,185306,114,747
2023-01-20,San Luis Obispo,203934,185312,144,715
2023-01-21,San Luis Obispo,203935,185313,41,698
2023-01-22,San Luis Obispo,203938,185313,20,678
2023-01-23,San Luis Obispo,203941,185319,94,684
2023-01-24,San Luis Obispo,203948,185323,66,610
2023-01-25,San Luis Obispo,203948,185331,79,558
2023-01-26,San Luis Obispo,203953,185336,69,513
2023-01-27,San Luis Obispo,203967,185342,89,458
2023-01-28,San Luis Obispo,203969,185343,28,445
2023-01-29,San Luis Obispo,203969,185344,12,437
2023-01-30,San Luis Obispo,203978,185346,76,419
2023-01-31,San Luis Obispo,203985,185355,82,435
2023-02-01,San Luis Obispo,203990,185360,84,440
2023-02-02,San Luis Obispo,204002,185366,92,463
2023-02-03,San Luis Obispo,204007,185376,96,470
2023-02-04,San Luis Obispo,204007,185376,10,452
2023-02-05,San Luis Obispo,204007,185377,2,442
2023-02-06,San Luis Obispo,204014,185379,73,439
2023-02-07,San Luis Obispo,204022,185381,66,423
2023-02-08,San Luis Obispo,204030,185384,58,397
2023-02-09,San Luis Obispo,204035,185387,55,360
2023-01-01,San Mateo,728101,667953,9,7244
2023-01-02,San Mateo,728147,667963,404,7124
2023-01-03,San Mateo,728253,668015,1352,6788
2023-01-04,San Mateo,728351,668058,911,6035
2023-01-05,San Mateo,728449,668094,958,5263
2023-01-06,San Mateo,728584,668147,1588,5420
2023-01-07,San Mateo,728639,668166,619,5841
2023-01-08,San Mateo,728661,668172,280,6112
2023-01-09,San Mateo,728752,668207,834,6542
2023-01-10,San Mateo,728839,668265,926,6116
2023-01-11,San Mateo,728945,668347,955,6160
2023-01-12,San Mateo,729028,668395,905,6107
2023-01-13,San Mateo,729126,668439,1112,5631
2023-01-14,San Mateo,729148,668443,457,5469
2023-01-15,San Mateo,729173,668446,240,5429
2023-01-16,San Mateo,729212,668448,309,4904
2023-01-17,San Mateo,729293,668500,769,4747
2023-01-18,San Mateo,729383,668559,714,4506
2023-01-19,San Mateo,729456,668610,834,4435
2023-01-20,San Mateo,729524,668644,786,4109
2023-01-21,San Mateo,729551,668661,317,3969
2023-01-22,San Mateo,729560,668661,96,3825
2023-01-23,San Mateo,729615,668690,505,4021
2023-01-24,San Mateo,729665,668738,567,3819
2023-01-25,San Mateo,729746,668794,665,3770
2023-01-26,San Mateo,729807,668823,613,3549
2023-01-27,San Mateo,729878,668860,701,3464
2023-01-28,San Mateo,729906,668882,302,3449
2023-01-29,San Mateo,729925,668885,142,3495
2023-01-30,San Mateo,729971,668906,463,3453
2023-01-31,San Mateo,730037,668961,587,3473
2023-02-01,San Mateo,730113,669003,550,3358
2023-02-02,San Mateo,730164,669037,526,3271
2023-02-03,San Mateo,730219,669079,615,3185
2023-02-04,San Mateo,730228,669082,104,2987
2023-02-05,San Mateo,730231,669082,17,2862
2023-02-06,San Mateo,730275,669103,403,2802
2023-02-07,San Mateo,730325,669149,430,2645
2023-02-08,San Mateo,730378,669191,499,2594
2023-02-09,San Mateo,730415,669216,358,2426
2023-01-01,Santa Barbara,355606,316935,7,1809
2023-01-02,Santa Barbara,355616,316936,104,1814
2023-01-03,Santa Barbara,355645,316943,346,1815
2023-01-04,Santa Barbara,355675,316955,301,1739
2023-01-05,Santa Barbara,355716,316983,428,1705
2023-01-06,Santa Barbara,355775,317009,559,1833
2023-01-07,Santa Barbara,355785,317012,174,1919
2023-01-08,Santa Barbara,355793,317016,88,2000
2023-01-09,Santa Barbara,355809,317022,188,2084
2023-01-10,Santa Barbara,355822,317026,148,1886
2023-01-11,Santa Barbara,355851,317041,219,1804
2023-01-12,Santa Barbara,355900,317057,336,1712
2023-01-13,Santa Barbara,355939,317077,402,1555
2023-01-14,Santa Barbara,355945,317079,78,1459
2023-01-15,Santa Barbara,355946,317080,65,1436
2023-01-16,Santa Barbara,355955,317085,128,1376
2023-01-17,Santa Barbara,355974,317094,187,1415
2023-01-18,Santa Barbara,355995,317103,193,1389
2023-01-19,Santa Barbara,356027,317125,284,1337
2023-01-20,Santa Barbara,356058,317138,301,1236
2023-01-21,Santa Barbara,356061,317140,63,1221
2023-01-22,Santa Barbara,356063,317140,33,1189
2023-01-23,Santa Barbara,356086,317148,170,1231
2023-01-24,Santa Barbara,356099,317148,156,1200
2023-01-25,Santa Barbara,356128,317170,183,1190
2023-01-26,Santa Barbara,356148,317183,232,1138
2023-01-27,Santa Barbara,356173,317204,234,1071
2023-01-28,Santa Barbara,356202,317208,146,1154
2023-01-29,Santa Barbara,356203,317208,20,1141
2023-01-30,Santa Barbara,356219,317216,116,1087
2023-01-31,Santa Barbara,356232,317220,152,1083
2023-02-01,Santa Barbara,356245,317233,150,1050
2023-02-02,Santa Barbara,356280,317252,208,1026
2023-02-03,Santa Barbara,356305,317267,205,997
2023-02-04,Santa Barbara,356308,317268,24,875
2023-02-05,Santa Barbara,356308,317268,1,856
2023-02-06,Santa Barbara,356316,317271,105,845
2023-02-07,Santa Barbara,356330,317275,118,811
2023-02-08,Santa Barbara,356343,317282,149,810
2023-02-09,Santa Barbara,356363,317300,142,744
2023-01-01,Santa Clara,1825105,1683112,38,17943
2023-01-02,Santa Clara,1825282,1683138,1364,17629
2023-01-03,Santa Clara,1825600,1683235,3200,16897
2023-01-04,Santa Clara,1825826,1683305,2366,15405
2023-01-05,Santa Clara,1826036,1683379,2441,13972
2023-01-06,Santa Clara,1826366,1683511,3163,13430
2023-01-07,Santa Clara,1826551,1683555,1569,14141
2023-01-08,Santa Clara,1826647,1683558,734,14837
2023-01-09,Santa Clara,1826916,1683644,2244,15717
2023-01-10,Santa Clara,1827160,1683734,1881,14398
2023-01-11,Santa Clara,1827381,1683824,1850,13882
2023-01-12,Santa Clara,1827610,1683922,2096,13537
2023-01-13,Santa Clara,1827882,1684082,2513,12887
2023-01-14,Santa Clara,1828009,1684123,1117,12435
2023-01-15,Santa Clara,1828096,1684130,555,12256
2023-01-16,Santa Clara,1828199,1684154,822,10834
2023-01-17,Santa Clara,1828373,1684241,1520,10473
2023-01-18,Santa Clara,1828536,1684314,1471,10094
2023-01-19,Santa Clara,1828690,1684405,1344,9342
2023-01-20,Santa Clara,1828872,1684518,1599,8428
2023-01-21,Santa Clara,1828941,1684550,666,7977
2023-01-22,Santa Clara,1828985,1684564,298,7720
2023-01-23,Santa Clara,1829092,1684598,970,7868
2023-01-24,Santa Clara,1829225,1684677,1090,7438
2023-01-25,Santa Clara,1829356,1684752,1257,7224
2023-01-26,Santa Clara,1829495,1684831,1121,7001
2023-01-27,Santa Clara,1829648,1684936,1340,6742
2023-01-28,Santa Clara,1829707,1684970,595,6671
2023-01-29,Santa Clara,1829738,1684976,255,6628
2023-01-30,Santa Clara,1829855,1685021,915,6573
2023-01-31,Santa Clara,1829966,1685116,1059,6542
2023-02-01,Santa Clara,1830086,1685184,1088,6373
2023-02-02,Santa Clara,1830200,1685256,1002,6254
2023-02-03,Santa Clara,1830348,1685375,1298,6212
2023-02-04,Santa Clara,1830376,1685411,340,5957
2023-02-05,Santa Clara,1830394,1685412,71,5773
2023-02-06,Santa Clara,1830477,1685458,881,5739
2023-02-07,Santa Clara,1830583,1685551,827,5507
2023-02-08,Santa Clara,1830696,1685632,847,5266
2023-02-09,Santa Clara,1830776,1685694,759,5023
2023-01-01,Santa Cruz,230373,211794,0,1279
2023-01-02,Santa Cruz,230380,211794,82,1293
2023-01-03,Santa Cruz,230396,211801,247,1267
2023-01-04,Santa Cruz,230413,211810,203,1129
2023-01-05,Santa Cruz,230433,211812,191,1058
2023-01-06,Santa Cruz,230472,211829,321,1087
2023-01-07,Santa Cruz,230476,211829,104,1148
2023-01-08,Santa Cruz,230479,211829,66,1214
2023-01-09,Santa Cruz,230490,211830,127,1259
2023-01-10,Santa Cruz,230505,211835,167,1179
2023-01-11,Santa Cruz,230520,211848,161,1137
2023-01-12,Santa Cruz,230532,211857,205,1151
2023-01-13,Santa Cruz,230556,211870,256,1086
2023-01-14,Santa Cruz,230567,211873,91,1073
2023-01-15,Santa Cruz,230570,211874,37,1044
2023-01-16,Santa Cruz,230573,211876,70,987
2023-01-17,Santa Cruz,230579,211879,137,957
2023-01-18,Santa Cruz,230600,211884,196,992
2023-01-19,Santa Cruz,230610,211893,159,946
2023-01-20,Santa Cruz,230620,211900,221,911
2023-01-21,Santa Cruz,230625,211902,67,887
2023-01-22,Santa Cruz,230630,211902,26,876
2023-01-23,Santa Cruz,230642,211908,118,924
2023-01-24,Santa Cruz,230650,211912,126,913
2023-01-25,Santa Cruz,230668,211923,157,874
2023-01-26,Santa Cruz,230679,211929,98,813
2023-01-27,Santa Cruz,230707,211943,188,780
2023-01-28,Santa Cruz,230709,211945,43,756
2023-01-29,Santa Cruz,230714,211945,19,749
2023-01-30,Santa Cruz,230720,211950,128,759
2023-01-31,Santa Cruz,230730,211955,145,778
2023-02-01,Santa Cruz,230743,211965,130,751
2023-02-02,Santa Cruz,230752,211973,156,809
2023-02-03,Santa Cruz,230765,211982,176,797
2023-02-04,Santa Cruz,230765,211982,17,771
2023-02-05,Santa Cruz,230767,211982,3,755
2023-02-06,Santa Cruz,230776,211985,101,728
2023-02-07,Santa Cruz,230781,211991,104,687
2023-02-08,Santa Cruz,230795,212000,126,683
2023-02-09,Santa Cruz,230807,212007,102,629
2023-01-01,Shasta,95689,85305,3,355
2023-01-02,Shasta,95690,85306,50,379
2023-01-03,Shasta,95701,85306,68,371
2023-01-04,Shasta,95702,85310,61,362
2023-01-05,Shasta,95715,85316,86,353
2023-01-06,Shasta,95719,85316,69,348
2023-01-07,Shasta,95722,85316,26,363
2023-01-08,Shasta,95723,85316,8,368
2023-01-09,Shasta,95735,85320,85,403
2023-01-10,Shasta,95744,85321,58,393
2023-01-11,Shasta,95752,85321,54,386
2023-01-12,Shasta,95761,85324,79,379
2023-01-13,Shasta,95769,85324,58,368
2023-01-14,Shasta,95771,85326,17,359
2023-01-15,Shasta,95774,85326,11,362
2023-01-16,Shasta,95777,85326,29,306
2023-01-17,Shasta,95782,85326,41,289
2023-01-18,Shasta,95787,85326,31,266
2023-01-19,Shasta,95800,85327,54,241
2023-01-20,Shasta,95801,85328,30,213
2023-01-21,Shasta,95803,85328,12,208
2023-01-22,Shasta,95803,85329,5,202
2023-01-23,Shasta,95806,85331,50,223
2023-01-24,Shasta,95810,85333,33,215
2023-01-25,Shasta,95813,85333,27,211
2023-01-26,Shasta,95818,85334,30,187
2023-01-27,Shasta,95819,85334,39,196
2023-01-28,Shasta,95820,85334,5,189
2023-01-29,Shasta,95821,85334,3,187
2023-01-30,Shasta,95829,85336,36,173
2023-01-31,Shasta,95838,85337,28,168
2023-02-01,Shasta,95840,85337,19,160
2023-02-02,Shasta,95847,85342,32,162
2023-02-03,Shasta,95847,85342,26,149
2023-02-04,Shasta,95847,85342,1,145
2023-02-05,Shasta,95847,85342,0,142
2023-02-06,Shasta,95851,85343,21,127
2023-02-07,Shasta,95853,85343,15,114
2023-02-08,Shasta,95857,85345,24,119
2023-02-09,Shasta,95861,85349,21,108
2023-01-01,Sierra,1702,1577,0,2
2023-01-02,Sierra,1702,1577,0,2
2023-01-03,Sierra,1702,1577,0,2
2023-01-04,Sierra,1702,1577,1,3
2023-01-05,Sierra,1702,1577,0,2
2023-01-06,Sierra,1703,1577,2,3
2023-01-07,Sierra,1703,1577,0,3
2023-01-08,Sierra,1703,1577,0,3
2023-01-09,Sierra,1703,1577,0,3
2023-01-10,Sierra,1703,1577,0,3
2023-01-11,Sierra,1704,1577,1,3
2023-01-12,Sierra,1704,1577,0,3
2023-01-13,Sierra,1704,1577,9,10
2023-01-14,Sierra,1704,1577,0,10
2023-01-15,Sierra,1704,1577,0,10
2023-01-16,Sierra,1704,1577,0,10
2023-01-17,Sierra,1704,1577,0,10
2023-01-18,Sierra,1704,1579,2,11
2023-01-19,Sierra,1704,1580,1,12
2023-01-20,Sierra,1704,1580,0,3
2023-01-21,Sierra,1704,1580,0,3
2023-01-22,Sierra,1704,1580,0,3
2023-01-23,Sierra,1704,1580,0,3
2023-01-24,Sierra,1704,1580,2,5
2023-01-25,Sierra,1704,1580,2,5
2023-01-26,Sierra,1704,1580,1,5
2023-01-27,Sierra,1705,1580,1,6
2023-01-28,Sierra,1705,1580,0,6
2023-01-29,Sierra,1705,1580,0,6
2023-01-30,Sierra,1705,1580,0,6
2023-01-31,Sierra,1705,1580,0,4
2023-02-01,Sierra,1705,1580,0,2
2023-02-02,Sierra,1705,1580,0,1
2023-02-03,Sierra,1705,1580,0,0
2023-02-04,Sierra,1705,1580,0,0
2023-02-05,Sierra,1705,1580,0,0
2023-02-06,Sierra,1705,1580,0,0
2023-02-07,Sierra,1705,1580,0,0
2023-02-08,Sierra,1705,1580,0,0
2023-02-09,Sierra,1705,1580,0,0
2023-01-01,Siskiyou,24467,21720,0,93
2023-01-02,Siskiyou,24467,21720,4,90
2023-01-03,Siskiyou,24467,21720,12,88
2023-01-04,Siskiyou,24467,21720,5,80
2023-01-05,Siskiyou,24474,21722,32,69
2023-01-06,Siskiyou,24474,21722,14,69
2023-01-07,Siskiyou,24474,21722,0,67
2023-01-08,Siskiyou,24474,21722,0,67
2023-01-09,Siskiyou,24474,21722,8,71
2023-01-10,Siskiyou,24474,21724,20,79
2023-01-11,Siskiyou,24477,21724,15,89
2023-01-12,Siskiyou,24480,21725,35,92
2023-01-13,Siskiyou,24481,21725,18,96
2023-01-14,Siskiyou,24481,21725,2,98
2023-01-15,Siskiyou,24481,21725,0,98
2023-01-16,Siskiyou,24481,21725,4,94
2023-01-17,Siskiyou,24481,21725,13,87
2023-01-18,Siskiyou,24481,21726,16,88
2023-01-19,Siskiyou,24484,21728,23,76
2023-01-20,Siskiyou,24485,21728,13,71
2023-01-21,Siskiyou,24485,21728,1,70
2023-01-22,Siskiyou,24485,21728,0,70
2023-01-23,Siskiyou,24486,21728,8,74
2023-01-24,Siskiyou,24487,21728,15,76
2023-01-25,Siskiyou,24488,21728,21,81
2023-01-26,Siskiyou,24491,21730,25,83
2023-01-27,Siskiyou,24491,21730,3,73
2023-01-28,Siskiyou,24491,21730,0,72
2023-01-29,Siskiyou,24491,21730,0,72
2023-01-30,Siskiyou,24491,21730,7,71
2023-01-31,Siskiyou,24491,21730,8,64
2023-02-01,Siskiyou,24495,21730,22,65
2023-02-02,Siskiyou,24495,21730,11,51
2023-02-03,Siskiyou,24495,21730,6,54
2023-02-04,Siskiyou,24495,21730,0,54
2023-02-05,Siskiyou,24495,21730,0,54
2023-02-06,Siskiyou,24497,21731,12,59
2023-02-07,Siskiyou,24497,21731,8,59
2023-02-08,Siskiyou,24497,21731,10,47
2023-02-09,Siskiyou,24497,21733,10,46
2023-01-01,Solano,347261,310971,1,2078
2023-01-02,Solano,347270,310973,79,2068
2023-01-03,Solano,347293,310981,427,2000
2023-01-04,Solano,347329,310991,368,1872
2023-01-05,Solano,347349,311002,355,1747
2023-01-06,Solano,347386,311013,460,1742
2023-01-07,Solano,347394,311014,102,1792
2023-01-08,Solano,347403,311015,66,1857
2023-01-09,Solano,347429,311025,303,2081
2023-01-10,Solano,347455,311035,239,1893
2023-01-11,Solano,347478,311045,293,1818
2023-01-12,Solano,347510,311057,299,1762
2023-01-13,Solano,347539,311068,361,1663
2023-01-14,Solano,347544,311068,85,1646
2023-01-15,Solano,347546,311070,33,1613
2023-01-16,Solano,347553,311072,73,1383
2023-01-17,Solano,347565,311089,271,1415
2023-01-18,Solano,347590,311104,266,1388
2023-01-19,Solano,347616,311119,265,1354
2023-01-20,Solano,347637,311131,301,1294
2023-01-21,Solano,347643,311136,62,1271
2023-01-22,Solano,347648,311137,54,1292
2023-01-23,Solano,347661,311145,222,1441
2023-01-24,Solano,347669,311151,179,1349
2023-01-25,Solano,347697,311165,239,1322
2023-01-26,Solano,347712,311179,242,1299
2023-01-27,Solano,347727,311194,233,1231
2023-01-28,Solano,347731,311194,39,1208
2023-01-29,Solano,347732,311195,14,1168
2023-01-30,Solano,347751,311203,178,1124
2023-01-31,Solano,347769,311210,183,1128
2023-02-01,Solano,347783,311222,190,1079
2023-02-02,Solano,347793,311230,194,1031
2023-02-03,Solano,347811,311241,217,1015
2023-02-04,Solano,347812,311241,21,997
2023-02-05,Solano,347812,311241,6,989
2023-02-06,Solano,347829,311248,177,988
2023-02-07,Solano,347838,311249,142,947
2023-02-08,Solano,347851,311252,163,920
2023-02-09,Solano,347860,311263,140,866
2023-01-01,Sonoma,429104,397831,5,2587
2023-01-02,Sonoma,429116,397834,115,2595
2023-01-03,Sonoma,429157,397853,578,2459
2023-01-04,Sonoma,429203,397868,402,2200
2023-01-05,Sonoma,429223,397887,319,2007
2023-01-06,Sonoma,429250,397903,455,1996
2023-01-07,Sonoma,429264,397909,320,2194
2023-01-08,Sonoma,429271,397909,74,2263
2023-01-09,Sonoma,429296,397923,292,2440
2023-01-10,Sonoma,429326,397948,409,2271
2023-01-11,Sonoma,429368,397964,419,2288
2023-01-12,Sonoma,429403,397980,366,2335
2023-01-13,Sonoma,429434,397988,365,2245
2023-01-14,Sonoma,429441,397994,163,2088
2023-01-15,Sonoma,429445,397994,40,2054
2023-01-16,Sonoma,429454,397998,81,1843
2023-01-17,Sonoma,429478,398017,327,1761
2023-01-18,Sonoma,429519,398034,350,1692
2023-01-19,Sonoma,429547,398044,248,1574
2023-01-20,Sonoma,429564,398062,289,1498
2023-01-21,Sonoma,429577,398069,122,1457
2023-01-22,Sonoma,429579,398069,17,1434
2023-01-23,Sonoma,429596,398078,158,1511
2023-01-24,Sonoma,429618,398096,312,1496
2023-01-25,Sonoma,429651,398113,280,1426
2023-01-26,Sonoma,429686,398132,216,1394
2023-01-27,Sonoma,429705,398153,267,1372
2023-01-28,Sonoma,429716,398166,131,1381
2023-01-29,Sonoma,429719,398166,19,1383
2023-01-30,Sonoma,429739,398171,151,1376
2023-01-31,Sonoma,429765,398186,262,1326
2023-02-01,Sonoma,429785,398196,221,1267
2023-02-02,Sonoma,429803,398203,204,1255
2023-02-03,Sonoma,429823,398217,235,1223
2023-02-04,Sonoma,429831,398222,75,1167
2023-02-05,Sonoma,429831,398222,7,1155
2023-02-06,Sonoma,429843,398228,113,1117
2023-02-07,Sonoma,429864,398244,223,1078
2023-02-08,Sonoma,429888,398255,187,1044
2023-02-09,Sonoma,429894,398267,148,988
2023-01-01,Stanislaus,354327,301725,10,1427
2023-01-02,Stanislaus,354341,301731,127,1453
2023-01-03,Stanislaus,354355,301735,242,1410
2023-01-04,Stanislaus,354382,301746,257,1338
2023-01-05,Stanislaus,354392,301750,226,1261
2023-01-06,Stanislaus,354420,301762,319,1249
2023-01-07,Stanislaus,354435,301766,158,1339
2023-01-08,Stanislaus,354438,301772,79,1408
2023-01-09,Stanislaus,354448,301779,190,1471
2023-01-10,Stanislaus,354471,301785,151,1380
2023-01-11,Stanislaus,354485,301794,176,1299
2023-01-12,Stanislaus,354505,301799,205,1278
2023-01-13,Stanislaus,354542,301812,285,1244
2023-01-14,Stanislaus,354551,301816,119,1205
2023-01-15,Stanislaus,354559,301818,54,1180
2023-01-16,Stanislaus,354571,301821,73,1063
2023-01-17,Stanislaus,354584,301825,141,1053
2023-01-18,Stanislaus,354591,301827,151,1028
2023-01-19,Stanislaus,354616,301837,142,965
2023-01-20,Stanislaus,354631,301847,227,907
2023-01-21,Stanislaus,354639,301851,79,867
2023-01-22,Stanislaus,354640,301853,24,837
2023-01-23,Stanislaus,354651,301861,142,906
2023-01-24,Stanislaus,354665,301868,127,892
2023-01-25,Stanislaus,354675,301870,121,862
2023-01-26,Stanislaus,354689,301880,151,871
2023-01-27,Stanislaus,354704,301887,174,818
2023-01-28,Stanislaus,354709,301891,51,790
2023-01-29,Stanislaus,354717,301893,41,807
2023-01-30,Stanislaus,354732,301902,140,805
2023-01-31,Stanislaus,354751,301906,164,842
2023-02-01,Stanislaus,354763,301911,113,834
2023-02-02,Stanislaus,354781,301915,174,857
2023-02-03,Stanislaus,354795,301922,158,841
2023-02-04,Stanislaus,354799,301926,55,845
2023-02-05,Stanislaus,354802,301927,20,824
2023-02-06,Stanislaus,354824,301934,125,809
2023-02-07,Stanislaus,354833,301941,93,738
2023-02-08,Stanislaus,354845,301947,103,728
2023-02-09,Stanislaus,354855,301954,81,635
2023-01-01,Sutter,64570,59300,2,250
2023-01-02,Sutter,64572,59305,37,259
2023-01-03,Sutter,64574,59311,39,244
2023-01-04,Sutter,64576,59311,26,226
2023-01-05,Sutter,64583,59313,48,217
2023-01-06,Sutter,64584,59316,51,209
2023-01-07,Sutter,64590,59321,37,240
2023-01-08,Sutter,64592,59321,11,249
2023-01-09,Sutter,64598,59323,34,246
2023-01-10,Sutter,64603,59324,40,247
2023-01-11,Sutter,64606,59324,35,256
2023-01-12,Sutter,64607,59327,24,232
2023-01-13,Sutter,64611,59327,26,207
2023-01-14,Sutter,64613,59327,7,177
2023-01-15,Sutter,64613,59327,6,172
2023-01-16,Sutter,64614,59328,15,153
2023-01-17,Sutter,64618,59332,37,150
2023-01-18,Sutter,64622,59333,42,157
2023-01-19,Sutter,64627,59335,34,167
2023-01-20,Sutter,64632,59338,34,175
2023-01-21,Sutter,64632,59341,14,182
2023-01-22,Sutter,64632,59341,2,178
2023-01-23,Sutter,64633,59345,21,184
2023-01-24,Sutter,64635,59348,22,169
2023-01-25,Sutter,64637,59348,21,148
2023-01-26,Sutter,64642,59352,28,142
2023-01-27,Sutter,64643,59352,35,143
2023-01-28,Sutter,64644,59355,8,137
2023-01-29,Sutter,64645,59356,6,141
2023-01-30,Sutter,64649,59359,14,134
2023-01-31,Sutter,64655,59365,26,138
2023-02-01,Sutter,64657,59365,12,129
2023-02-02,Sutter,64663,59370,26,127
2023-02-03,Sutter,64664,59371,12,104
2023-02-04,Sutter,64664,59371,0,96
2023-02-05,Sutter,64664,59371,0,90
2023-02-06,Sutter,64666,59372,20,96
2023-02-07,Sutter,64670,59375,12,82
2023-02-08,Sutter,64671,59379,11,81
2023-02-09,Sutter,64674,59379,12,67
2023-01-01,Tehama,31555,28570,4,135
2023-01-02,Tehama,31557,28570,13,141
2023-01-03,Tehama,31564,28572,47,163
2023-01-04,Tehama,31571,28573,21,159
2023-01-05,Tehama,31574,28575,25,138
2023-01-06,Tehama,31579,28576,24,139
2023-01-07,Tehama,31581,28577,9,143
2023-01-08,Tehama,31581,28577,0,139
2023-01-09,Tehama,31584,28577,21,147
2023-01-10,Tehama,31589,28577,21,121
2023-01-11,Tehama,31589,28578,23,123
2023-01-12,Tehama,31592,28582,28,126
2023-01-13,Tehama,31594,28583,29,131
2023-01-14,Tehama,31594,28583,7,129
2023-01-15,Tehama,31594,28583,3,132
2023-01-16,Tehama,31595,28583,7,118
2023-01-17,Tehama,31596,28583,14,111
2023-01-18,Tehama,31596,28583,15,103
2023-01-19,Tehama,31598,28585,11,86
2023-01-20,Tehama,31602,28587,18,75
2023-01-21,Tehama,31606,28587,22,90
2023-01-22,Tehama,31606,28587,1,88
2023-01-23,Tehama,31609,28587,17,98
2023-01-24,Tehama,31612,28588,10,94
2023-01-25,Tehama,31616,28588,20,99
2023-01-26,Tehama,31617,28588,11,99
2023-01-27,Tehama,31618,28590,14,95
2023-01-28,Tehama,31618,28590,3,76
2023-01-29,Tehama,31619,28590,4,79
2023-01-30,Tehama,31619,28591,9,71
2023-01-31,Tehama,31622,28591,11,72
2023-02-01,Tehama,31622,28594,8,60
2023-02-02,Tehama,31624,28594,15,64
2023-02-03,Tehama,31625,28595,7,57
2023-02-04,Tehama,31625,28595,1,55
2023-02-05,Tehama,31625,28595,3,54
2023-02-06,Tehama,31625,28595,2,47
2023-02-07,Tehama,31627,28595,11,47
2023-02-08,Tehama,31628,28597,11,50
2023-02-09,Tehama,31633,28599,11,46
2023-01-01,Trinity,6896,6046,0,25
2023-01-02,Trinity,6896,6046,0,25
2023-01-03,Trinity,6898,6046,4,20
2023-01-04,Trinity,6899,6046,10,24
2023-01-05,Trinity,6899,6046,2,22
2023-01-06,Trinity,6901,6046,5,21
2023-01-07,Trinity,6901,6046,9,30
2023-01-08,Trinity,6901,6046,0,30
2023-01-09,Trinity,6901,6046,3,33
2023-01-10,Trinity,6901,6046,4,33
2023-01-11,Trinity,6902,6046,4,27
2023-01-12,Trinity,6903,6046,1,26
2023-01-13,Trinity,6903,6046,6,27
2023-01-14,Trinity,6903,6046,6,24
2023-01-15,Trinity,6903,6046,0,24
2023-01-16,Trinity,6903,6046,0,21
2023-01-17,Trinity,6904,6046,5,22
2023-01-18,Trinity,6905,6046,1,19
2023-01-19,Trinity,6906,6046,3,21
2023-01-20,Trinity,6906,6046,5,20
2023-01-21,Trinity,6907,6046,3,17
2023-01-22,Trinity,6907,6046,0,17
2023-01-23,Trinity,6907,6046,0,17
2023-01-24,Trinity,6907,6046,3,15
2023-01-25,Trinity,6907,6046,5,19
2023-01-26,Trinity,6908,6046,29,45
2023-01-27,Trinity,6908,6046,4,44
2023-01-28,Trinity,6908,6046,1,42
2023-01-29,Trinity,6908,6046,0,42
2023-01-30,Trinity,6908,6046,1,43
2023-01-31,Trinity,6908,6046,3,43
2023-02-01,Trinity,6908,6046,4,42
2023-02-02,Trinity,6908,6046,1,14
2023-02-03,Trinity,6908,6046,5,15
2023-02-04,Trinity,6908,6047,6,20
2023-02-05,Trinity,6908,6047,0,20
2023-02-06,Trinity,6908,6047,1,20
2023-02-07,Trinity,6908,6047,4,21
2023-02-08,Trinity,6908,6047,1,18
2023-02-09,Trinity,6908,6047,0,17
2023-01-01,Tulare,290947,259995,8,1113
2023-01-02,Tulare,290955,259998,93,1074
2023-01-03,Tulare,290968,260002,195,996
2023-01-04,Tulare,290994,260027,235,1030
2023-01-05,Tulare,291017,260038,190,1011
2023-01-06,Tulare,291056,260051,248,1030
2023-01-07,Tulare,291062,260054,86,1055
2023-01-08,Tulare,291064,260054,35,1082
2023-01-09,Tulare,291079,260060,127,1116
2023-01-10,Tulare,291095,260074,129,1050
2023-01-11,Tulare,291118,260084,142,957
2023-01-12,Tulare,291138,260099,182,949
2023-01-13,Tulare,291155,260111,188,889
2023-01-14,Tulare,291162,260113,77,880
2023-01-15,Tulare,291166,260114,47,892
2023-01-16,Tulare,291174,260117,100,865
2023-01-17,Tulare,291190,260125,147,883
2023-01-18,Tulare,291197,260131,93,834
2023-01-19,Tulare,291217,260142,141,793
2023-01-20,Tulare,291223,260147,109,714
2023-01-21,Tulare,291228,260150,45,682
2023-01-22,Tulare,291229,260151,14,649
2023-01-23,Tulare,291237,260154,87,636
2023-01-24,Tulare,291248,260156,64,553
2023-01-25,Tulare,291273,260167,106,566
2023-01-26,Tulare,291288,260171,109,534
2023-01-27,Tulare,291302,260180,80,505
2023-01-28,Tulare,291305,260182,33,493
2023-01-29,Tulare,291306,260184,32,511
2023-01-30,Tulare,291327,260195,104,528
2023-01-31,Tulare,291341,260202,90,554
2023-02-01,Tulare,291358,260217,105,553
2023-02-02,Tulare,291365,260225,88,532
2023-02-03,Tulare,291379,260236,122,574
2023-02-04,Tulare,291380,260237,4,545
2023-02-05,Tulare,291381,260238,2,515
2023-02-06,Tulare,291389,260247,82,493
2023-02-07,Tulare,291399,260263,74,477
2023-02-08,Tulare,291411,260271,94,466
2023-02-09,Tulare,291419,260272,55,433
2023-01-01,Tuolumne,31335,28922,0,157
2023-01-02,Tuolumne,31337,28922,16,151
2023-01-03,Tuolumne,31337,28922,21,152
2023-01-04,Tuolumne,31338,28922,33,149
2023-01-05,Tuolumne,31338,28923,20,139
2023-01-06,Tuolumne,31340,28923,33,126
2023-01-07,Tuolumne,31342,28923,14,137
2023-01-08,Tuolumne,31342,28923,8,145
2023-01-09,Tuolumne,31342,28923,14,143
2023-01-10,Tuolumne,31343,28925,17,139
2023-01-11,Tuolumne,31345,28925,10,116
2023-01-12,Tuolumne,31345,28926,42,138
2023-01-13,Tuolumne,31347,28926,20,125
2023-01-14,Tuolumne,31347,28927,11,122
2023-01-15,Tuolumne,31347,28927,1,115
2023-01-16,Tuolumne,31347,28927,0,101
2023-01-17,Tuolumne,31347,28927,21,105
2023-01-18,Tuolumne,31348,28928,16,111
2023-01-19,Tuolumne,31350,28928,13,82
2023-01-20,Tuolumne,31350,28928,26,88
2023-01-21,Tuolumne,31350,28928,5,82
2023-01-22,Tuolumne,31351,28928,2,83
2023-01-23,Tuolumne,31352,28928,14,97
2023-01-24,Tuolumne,31353,28928,5,81
2023-01-25,Tuolumne,31354,28928,19,84
2023-01-26,Tuolumne,31354,28928,8,79
2023-01-27,Tuolumne,31363,28929,47,100
2023-01-28,Tuolumne,31363,28929,3,98
2023-01-29,Tuolumne,31363,28929,2,98
2023-01-30,Tuolumne,31364,28929,13,97
2023-01-31,Tuolumne,31364,28929,9,101
2023-02-01,Tuolumne,31365,28929,10,92
2023-02-02,Tuolumne,31365,28929,11,95
2023-02-03,Tuolumne,31366,28930,7,55
2023-02-04,Tuolumne,31366,28930,2,54
2023-02-05,Tuolumne,31366,28930,2,54
2023-02-06,Tuolumne,31368,28931,7,48
2023-02-07,Tuolumne,31368,28931,4,43
2023-02-08,Tuolumne,31368,28932,6,39
2023-02-09,Tuolumne,31368,28932,1,29
2023-01-01,Ventura,679793,623772,17,3869
2023-01-02,Ventura,679815,623776,263,3872
2023-01-03,Ventura,679854,623802,725,3647
2023-01-04,Ventura,679914,623825,697,3461
2023-01-05,Ventura,679958,623844,643,3306
2023-01-06,Ventura,680000,623861,787,3317
2023-01-07,Ventura,680010,623864,336,3468
2023-01-08,Ventura,680022,623867,202,3653
2023-01-09,Ventura,680071,623875,428,3818
2023-01-10,Ventura,680103,623894,449,3542
2023-01-11,Ventura,680155,623903,520,3365
2023-01-12,Ventura,680187,623914,533,3255
2023-01-13,Ventura,680232,623931,663,3131
2023-01-14,Ventura,680253,623936,222,3017
2023-01-15,Ventura,680260,623937,159,2974
2023-01-16,Ventura,680270,623943,229,2775
2023-01-17,Ventura,680295,623964,422,2748
2023-01-18,Ventura,680314,623981,444,2672
2023-01-19,Ventura,680350,623996,362,2501
2023-01-20,Ventura,680384,624009,421,2259
2023-01-21,Ventura,680395,624010,199,2236
2023-01-22,Ventura,680397,624011,67,2144
2023-01-23,Ventura,680422,624021,296,2211
2023-01-24,Ventura,680445,624028,338,2127
2023-01-25,Ventura,680473,624042,305,1988
2023-01-26,Ventura,680490,624051,303,1929
2023-01-27,Ventura,680515,624065,321,1829
2023-01-28,Ventura,680525,624068,108,1738
2023-01-29,Ventura,680531,624068,76,1747
2023-01-30,Ventura,680551,624087,240,1691
2023-01-31,Ventura,680577,624102,280,1633
2023-02-01,Ventura,680604,624127,269,1597
2023-02-02,Ventura,680634,624135,284,1578
2023-02-03,Ventura,680654,624146,290,1547
2023-02-04,Ventura,680661,624147,62,1501
2023-02-05,Ventura,680665,624147,13,1438
2023-02-06,Ventura,680685,624158,203,1401
2023-02-07,Ventura,680707,624169,277,1398
2023-02-08,Ventura,680724,624180,277,1406
2023-02-09,Ventura,680740,624184,169,1291
2023-01-01,Yolo,177530,160845,1,1066
2023-01-02,Yolo,177535,160845,29,1050
2023-01-03,Yolo,177550,160855,186,975
2023-01-04,Yolo,177566,160862,181,920
2023-01-05,Yolo,177573,160866,161,812
2023-01-06,Yolo,177584,160868,203,790
2023-01-07,Yolo,177594,160869,95,856
2023-01-08,Yolo,177596,160869,37,892
2023-01-09,Yolo,177605,160879,160,1023
2023-01-10,Yolo,177620,160885,132,969
2023-01-11,Yolo,177641,160894,178,966
2023-01-12,Yolo,177651,160900,165,970
2023-01-13,Yolo,177670,160905,188,955
2023-01-14,Yolo,177676,160906,64,924
2023-01-15,Yolo,177678,160906,35,922
2023-01-16,Yolo,177683,160909,68,830
2023-01-17,Yolo,177698,160921,123,821
2023-01-18,Yolo,177717,160925,159,802
2023-01-19,Yolo,177731,160929,124,761
2023-01-20,Yolo,177753,160939,154,727
2023-01-21,Yolo,177757,160940,32,695
2023-01-22,Yolo,177760,160940,15,675
2023-01-23,Yolo,177773,160942,105,712
2023-01-24,Yolo,177786,160949,111,700
2023-01-25,Yolo,177800,160956,123,664
2023-01-26,Yolo,177811,160960,104,644
2023-01-27,Yolo,177817,160969,111,601
2023-01-28,Yolo,177820,160971,22,591
2023-01-29,Yolo,177823,160971,27,603
2023-01-30,Yolo,177834,160972,72,570
2023-01-31,Yolo,177846,160976,73,532
2023-02-01,Yolo,177859,160982,112,521
2023-02-02,Yolo,177864,160984,80,497
2023-02-03,Yolo,177887,160987,133,519
2023-02-04,Yolo,177887,160987,6,503
2023-02-05,Yolo,177887,160987,2,478
2023-02-06,Yolo,177892,160990,91,497
2023-02-07,Yolo,177900,160996,76,500
2023-02-08,Yolo,177910,161003,77,465
2023-02-09,Yolo,177923,161008,67,452
2023-01-01,Yuba,43913,39853,0,169
2023-01-02,Yuba,43913,39854,19,176
2023-01-03,Yuba,43919,39857,46,190
2023-01-04,Yuba,43922,39857,26,179
2023-01-05,Yuba,43927,39861,24,162
2023-01-06,Yuba,43933,39865,45,160
2023-01-07,Yuba,43934,39868,8,168
2023-01-08,Yuba,43934,39868,5,173
2023-01-09,Yuba,43936,39871,19,173
2023-01-10,Yuba,43940,39871,28,155
2023-01-11,Yuba,43944,39873,33,162
2023-01-12,Yuba,43946,39878,31,169
2023-01-13,Yuba,43951,39878,30,154
2023-01-14,Yuba,43951,39879,15,161
2023-01-15,Yuba,43952,39879,4,160
2023-01-16,Yuba,43954,39880,12,153
2023-01-17,Yuba,43957,39882,16,141
2023-01-18,Yuba,43957,39883,20,128
2023-01-19,Yuba,43960,39885,25,122
2023-01-20,Yuba,43961,39889,31,123
2023-01-21,Yuba,43961,39889,2,110
2023-01-22,Yuba,43962,39889,6,112
2023-01-23,Yuba,43965,39890,18,118
2023-01-24,Yuba,43968,39890,21,123
2023-01-25,Yuba,43971,39892,17,120
2023-01-26,Yuba,43972,39894,26,121
2023-01-27,Yuba,43978,39896,30,120
2023-01-28,Yuba,43979,39896,4,122
2023-01-29,Yuba,43981,39896,9,125
2023-01-30,Yuba,43985,39898,19,126
2023-01-31,Yuba,43988,39900,14,119
2023-02-01,Yuba,43989,39902,14,116
2023-02-02,Yuba,43990,39905,17,107
2023-02-03,Yuba,43994,39908,21,98
2023-02-04,Yuba,43995,39909,5,99
2023-02-05,Yuba,43995,39909,1,91
2023-02-06,Yuba,43996,39910,18,90
2023-02-07,Yuba,44000,39912,10,86
2023-02-08,Yuba,44005,39913,15,87
2023-02-09,Yuba,44011,39914,14,84
